/*
 * Grupo: 5
 *      92433 - Carolina Pereira
 *      92565 - Tomás Sequeira
 *      92569 - Vicente Lorenzo
 *      89443 - Francisco Figueiredo
 */

/* ------- Regioes ------- */
INSERT INTO regiao VALUES (1, 'Norte', 3689000000);
INSERT INTO regiao VALUES (2, 'Centro', 2327000000);
INSERT INTO regiao VALUES (3, 'Lisboa', 504718);
INSERT INTO regiao VALUES (4, 'Alentejo', 760098);
INSERT INTO regiao VALUES (5, 'Algarve', 451006);

/* ------- tabela auxiliar concelhos Portugal Continental ------- */
INSERT INTO concelho_aux VALUES('Abrantes');
INSERT INTO concelho_aux VALUES('Agueda');
INSERT INTO concelho_aux VALUES('Aguiar da Beira');
INSERT INTO concelho_aux VALUES('Alandroal');
INSERT INTO concelho_aux VALUES('Albergaria-a-Velha');
INSERT INTO concelho_aux VALUES('Albufeira');
INSERT INTO concelho_aux VALUES('Alcacer do Sal');
INSERT INTO concelho_aux VALUES('Alcanena');
INSERT INTO concelho_aux VALUES('Alcobaca');
INSERT INTO concelho_aux VALUES('Alcochete');
INSERT INTO concelho_aux VALUES('Alcoutim');
INSERT INTO concelho_aux VALUES('Alenquer');
INSERT INTO concelho_aux VALUES('Alfandega da Fe');
INSERT INTO concelho_aux VALUES('Alijo');
INSERT INTO concelho_aux VALUES('Aljezur');
INSERT INTO concelho_aux VALUES('Aljustrel');
INSERT INTO concelho_aux VALUES('Almada');
INSERT INTO concelho_aux VALUES('Almeida');
INSERT INTO concelho_aux VALUES('Almeirim');
INSERT INTO concelho_aux VALUES('Almodovar');
INSERT INTO concelho_aux VALUES('Alpiarca');
INSERT INTO concelho_aux VALUES('Alter do Chao');
INSERT INTO concelho_aux VALUES('Alvaiazere');
INSERT INTO concelho_aux VALUES('Alvito');
INSERT INTO concelho_aux VALUES('Amadora');
INSERT INTO concelho_aux VALUES('Amarante');
INSERT INTO concelho_aux VALUES('Amares');
INSERT INTO concelho_aux VALUES('Anadia');
INSERT INTO concelho_aux VALUES('Ansiao');
INSERT INTO concelho_aux VALUES('Arcos de Valdevez');
INSERT INTO concelho_aux VALUES('Arganil');
INSERT INTO concelho_aux VALUES('Armamar');
INSERT INTO concelho_aux VALUES('Arouca');
INSERT INTO concelho_aux VALUES('Arraiolos');
INSERT INTO concelho_aux VALUES('Arronches');
INSERT INTO concelho_aux VALUES('Arruda dos Vinhos');
INSERT INTO concelho_aux VALUES('Aveiro');
INSERT INTO concelho_aux VALUES('Avis');
INSERT INTO concelho_aux VALUES('Azambuja');
INSERT INTO concelho_aux VALUES('Baiao');
INSERT INTO concelho_aux VALUES('Barcelos');
INSERT INTO concelho_aux VALUES('Barrancos');
INSERT INTO concelho_aux VALUES('Barreiro');
INSERT INTO concelho_aux VALUES('Batalha');
INSERT INTO concelho_aux VALUES('Beja');
INSERT INTO concelho_aux VALUES('Belmonte');
INSERT INTO concelho_aux VALUES('Benavente');
INSERT INTO concelho_aux VALUES('Bombarral');
INSERT INTO concelho_aux VALUES('Borba');
INSERT INTO concelho_aux VALUES('Boticas');
INSERT INTO concelho_aux VALUES('Braga');
INSERT INTO concelho_aux VALUES('Braganca');
INSERT INTO concelho_aux VALUES('Cabeceiras de Basto');
INSERT INTO concelho_aux VALUES('Cadaval');
INSERT INTO concelho_aux VALUES('Caldas da Rainha');
INSERT INTO concelho_aux VALUES('Caminha');
INSERT INTO concelho_aux VALUES('Campo Maior');
INSERT INTO concelho_aux VALUES('Cantanhede');
INSERT INTO concelho_aux VALUES('Carrazeda de Ansiaes');
INSERT INTO concelho_aux VALUES('Carregal do Sal');
INSERT INTO concelho_aux VALUES('Cartaxo');
INSERT INTO concelho_aux VALUES('Cascais');
INSERT INTO concelho_aux VALUES('Castanheira de Pera');
INSERT INTO concelho_aux VALUES('Castelo Branco');
INSERT INTO concelho_aux VALUES('Castelo de Paiva');
INSERT INTO concelho_aux VALUES('Castelo de Vide');
INSERT INTO concelho_aux VALUES('Castro Daire');
INSERT INTO concelho_aux VALUES('Castro Marim');
INSERT INTO concelho_aux VALUES('Castro Verde');
INSERT INTO concelho_aux VALUES('Celorico da Beira');
INSERT INTO concelho_aux VALUES('Celorico de Basto');
INSERT INTO concelho_aux VALUES('Chamusca');
INSERT INTO concelho_aux VALUES('Chaves');
INSERT INTO concelho_aux VALUES('Cinfaes');
INSERT INTO concelho_aux VALUES('Coimbra');
INSERT INTO concelho_aux VALUES('Condeixa-a-Nova');
INSERT INTO concelho_aux VALUES('Constancia');
INSERT INTO concelho_aux VALUES('Coruche');
INSERT INTO concelho_aux VALUES('Covilha');
INSERT INTO concelho_aux VALUES('Crato');
INSERT INTO concelho_aux VALUES('Cuba');
INSERT INTO concelho_aux VALUES('Elvas');
INSERT INTO concelho_aux VALUES('Entroncamento');
INSERT INTO concelho_aux VALUES('Espinho');
INSERT INTO concelho_aux VALUES('Esposende');
INSERT INTO concelho_aux VALUES('Estarreja');
INSERT INTO concelho_aux VALUES('Estremoz');
INSERT INTO concelho_aux VALUES('Evora');
INSERT INTO concelho_aux VALUES('Fafe');
INSERT INTO concelho_aux VALUES('Faro');
INSERT INTO concelho_aux VALUES('Felgueiras');
INSERT INTO concelho_aux VALUES('Ferreira do Alentejo');
INSERT INTO concelho_aux VALUES('Ferreira do Zezere');
INSERT INTO concelho_aux VALUES('Figueira da Foz');
INSERT INTO concelho_aux VALUES('Figueira de Castelo Rodrigo');
INSERT INTO concelho_aux VALUES('Figueiro dos Vinhos');
INSERT INTO concelho_aux VALUES('Fornos de Algodres');
INSERT INTO concelho_aux VALUES('Freixo de Espada a Cinta');
INSERT INTO concelho_aux VALUES('Fronteira');
INSERT INTO concelho_aux VALUES('Fundao');
INSERT INTO concelho_aux VALUES('Gaviao');
INSERT INTO concelho_aux VALUES('Gois');
INSERT INTO concelho_aux VALUES('Golega');
INSERT INTO concelho_aux VALUES('Gondomar');
INSERT INTO concelho_aux VALUES('Gouveia');
INSERT INTO concelho_aux VALUES('Grandola');
INSERT INTO concelho_aux VALUES('Guarda');
INSERT INTO concelho_aux VALUES('Guimaraes');
INSERT INTO concelho_aux VALUES('Idanha-a-Nova');
INSERT INTO concelho_aux VALUES('Ilhavo');
INSERT INTO concelho_aux VALUES('Lagoa');
INSERT INTO concelho_aux VALUES('Lagos');
INSERT INTO concelho_aux VALUES('Lamego');
INSERT INTO concelho_aux VALUES('Leiria');
INSERT INTO concelho_aux VALUES('Lisboa');
INSERT INTO concelho_aux VALUES('Loule');
INSERT INTO concelho_aux VALUES('Loures');
INSERT INTO concelho_aux VALUES('Lourinha');
INSERT INTO concelho_aux VALUES('Lousa');
INSERT INTO concelho_aux VALUES('Lousada');
INSERT INTO concelho_aux VALUES('Macao');
INSERT INTO concelho_aux VALUES('Macedo de Cavaleiros');
INSERT INTO concelho_aux VALUES('Mafra');
INSERT INTO concelho_aux VALUES('Maia');
INSERT INTO concelho_aux VALUES('Mangualde');
INSERT INTO concelho_aux VALUES('Manteigas');
INSERT INTO concelho_aux VALUES('Marco de Canaveses');
INSERT INTO concelho_aux VALUES('Marinha Grande');
INSERT INTO concelho_aux VALUES('Marvao');
INSERT INTO concelho_aux VALUES('Matosinhos');
INSERT INTO concelho_aux VALUES('Mealhada');
INSERT INTO concelho_aux VALUES('Meda');
INSERT INTO concelho_aux VALUES('Melgaco');
INSERT INTO concelho_aux VALUES('Mertola');
INSERT INTO concelho_aux VALUES('Mesao Frio');
INSERT INTO concelho_aux VALUES('Mira');
INSERT INTO concelho_aux VALUES('Miranda do Corvo');
INSERT INTO concelho_aux VALUES('Miranda do Douro');
INSERT INTO concelho_aux VALUES('Mirandela');
INSERT INTO concelho_aux VALUES('Mogadouro');
INSERT INTO concelho_aux VALUES('Moimenta da Beira');
INSERT INTO concelho_aux VALUES('Moita');
INSERT INTO concelho_aux VALUES('Moncao');
INSERT INTO concelho_aux VALUES('Monchique');
INSERT INTO concelho_aux VALUES('Mondim de Basto');
INSERT INTO concelho_aux VALUES('Monforte');
INSERT INTO concelho_aux VALUES('Montalegre');
INSERT INTO concelho_aux VALUES('Montemor-o-Novo');
INSERT INTO concelho_aux VALUES('Montemor-o-Velho');
INSERT INTO concelho_aux VALUES('Montijo');
INSERT INTO concelho_aux VALUES('Mora');
INSERT INTO concelho_aux VALUES('Mortagua');
INSERT INTO concelho_aux VALUES('Moura');
INSERT INTO concelho_aux VALUES('Mourao');
INSERT INTO concelho_aux VALUES('Murca');
INSERT INTO concelho_aux VALUES('Murtosa');
INSERT INTO concelho_aux VALUES('Nazare');
INSERT INTO concelho_aux VALUES('Nelas');
INSERT INTO concelho_aux VALUES('Nisa');
INSERT INTO concelho_aux VALUES('Obidos');
INSERT INTO concelho_aux VALUES('Odemira');
INSERT INTO concelho_aux VALUES('Odivelas');
INSERT INTO concelho_aux VALUES('Oeiras');
INSERT INTO concelho_aux VALUES('Oleiros');
INSERT INTO concelho_aux VALUES('Olhao');
INSERT INTO concelho_aux VALUES('Oliveira de Azemeis');
INSERT INTO concelho_aux VALUES('Oliveira de Frades');
INSERT INTO concelho_aux VALUES('Oliveira do Bairro');
INSERT INTO concelho_aux VALUES('Oliveira do Hospital');
INSERT INTO concelho_aux VALUES('Ourem');
INSERT INTO concelho_aux VALUES('Ourique');
INSERT INTO concelho_aux VALUES('Ovar');
INSERT INTO concelho_aux VALUES('Pacos de Ferreira');
INSERT INTO concelho_aux VALUES('Palmela');
INSERT INTO concelho_aux VALUES('Pampilhosa da Serra');
INSERT INTO concelho_aux VALUES('Paredes');
INSERT INTO concelho_aux VALUES('Paredes de Coura');
INSERT INTO concelho_aux VALUES('Pedrogao Grande');
INSERT INTO concelho_aux VALUES('Penacova');
INSERT INTO concelho_aux VALUES('Penafiel');
INSERT INTO concelho_aux VALUES('Penalva do Castelo');
INSERT INTO concelho_aux VALUES('Penamacor');
INSERT INTO concelho_aux VALUES('Penedono');
INSERT INTO concelho_aux VALUES('Penela');
INSERT INTO concelho_aux VALUES('Peniche');
INSERT INTO concelho_aux VALUES('Peso da Regua');
INSERT INTO concelho_aux VALUES('Pinhel');
INSERT INTO concelho_aux VALUES('Pombal');
INSERT INTO concelho_aux VALUES('Ponte da Barca');
INSERT INTO concelho_aux VALUES('Ponte de Lima');
INSERT INTO concelho_aux VALUES('Ponte de Sor');
INSERT INTO concelho_aux VALUES('Portalegre');
INSERT INTO concelho_aux VALUES('Portel');
INSERT INTO concelho_aux VALUES('Portimao');
INSERT INTO concelho_aux VALUES('Porto');
INSERT INTO concelho_aux VALUES('Porto de Mos');
INSERT INTO concelho_aux VALUES('Povoa de Lanhoso');
INSERT INTO concelho_aux VALUES('Povoa de Varzim');
INSERT INTO concelho_aux VALUES('Proenca-a-Nova');
INSERT INTO concelho_aux VALUES('Redondo');
INSERT INTO concelho_aux VALUES('Reguengos de Monsaraz');
INSERT INTO concelho_aux VALUES('Resende');
INSERT INTO concelho_aux VALUES('Ribeira de Pena');
INSERT INTO concelho_aux VALUES('Rio Maior');
INSERT INTO concelho_aux VALUES('Sabrosa');
INSERT INTO concelho_aux VALUES('Sabugal');
INSERT INTO concelho_aux VALUES('Salvaterra de Magos');
INSERT INTO concelho_aux VALUES('Santa Comba Dao');
INSERT INTO concelho_aux VALUES('Santa Maria da Feira');
INSERT INTO concelho_aux VALUES('Santa Marta de Penaguiao');
INSERT INTO concelho_aux VALUES('Santarem');
INSERT INTO concelho_aux VALUES('Santiago do Cacem');
INSERT INTO concelho_aux VALUES('Santo Tirso');
INSERT INTO concelho_aux VALUES('Sao Bras de Alportel');
INSERT INTO concelho_aux VALUES('Sao Joao da Madeira');
INSERT INTO concelho_aux VALUES('Sao Joao da Pesqueira');
INSERT INTO concelho_aux VALUES('Sao Pedro do Sul');
INSERT INTO concelho_aux VALUES('Sardoal');
INSERT INTO concelho_aux VALUES('Satao');
INSERT INTO concelho_aux VALUES('Seia');
INSERT INTO concelho_aux VALUES('Seixal');
INSERT INTO concelho_aux VALUES('Sernancelhe');
INSERT INTO concelho_aux VALUES('Serpa');
INSERT INTO concelho_aux VALUES('Serta');
INSERT INTO concelho_aux VALUES('Sesimbra');
INSERT INTO concelho_aux VALUES('Setubal');
INSERT INTO concelho_aux VALUES('Sever do Vouga');
INSERT INTO concelho_aux VALUES('Silves');
INSERT INTO concelho_aux VALUES('Sines');
INSERT INTO concelho_aux VALUES('Sintra');
INSERT INTO concelho_aux VALUES('Sobral de Monte Agraco');
INSERT INTO concelho_aux VALUES('Soure');
INSERT INTO concelho_aux VALUES('Sousel');
INSERT INTO concelho_aux VALUES('Tabua');
INSERT INTO concelho_aux VALUES('Tabuaco');
INSERT INTO concelho_aux VALUES('Tarouca');
INSERT INTO concelho_aux VALUES('Tavira');
INSERT INTO concelho_aux VALUES('Terras de Bouro');
INSERT INTO concelho_aux VALUES('Tomar');
INSERT INTO concelho_aux VALUES('Tondela');
INSERT INTO concelho_aux VALUES('Torre de Moncorvo');
INSERT INTO concelho_aux VALUES('Torres Novas');
INSERT INTO concelho_aux VALUES('Torres Vedras');
INSERT INTO concelho_aux VALUES('Trancoso');
INSERT INTO concelho_aux VALUES('Trofa');
INSERT INTO concelho_aux VALUES('Vagos');
INSERT INTO concelho_aux VALUES('Vale de Cambra');
INSERT INTO concelho_aux VALUES('Valenca');
INSERT INTO concelho_aux VALUES('Valongo');
INSERT INTO concelho_aux VALUES('Valpacos');
INSERT INTO concelho_aux VALUES('Vendas Novas');
INSERT INTO concelho_aux VALUES('Viana do Alentejo');
INSERT INTO concelho_aux VALUES('Viana do Castelo');
INSERT INTO concelho_aux VALUES('Vidigueira');
INSERT INTO concelho_aux VALUES('Vieira do Minho');
INSERT INTO concelho_aux VALUES('Vila de Rei');
INSERT INTO concelho_aux VALUES('Vila do Bispo');
INSERT INTO concelho_aux VALUES('Vila do Conde');
INSERT INTO concelho_aux VALUES('Vila Flor');
INSERT INTO concelho_aux VALUES('Vila Franca de Xira');
INSERT INTO concelho_aux VALUES('Vila Nova da Barquinha');
INSERT INTO concelho_aux VALUES('Vila Nova de Cerveira');
INSERT INTO concelho_aux VALUES('Vila Nova de Famalicao');
INSERT INTO concelho_aux VALUES('Vila Nova de Foz Coa');
INSERT INTO concelho_aux VALUES('Vila Nova de Gaia');
INSERT INTO concelho_aux VALUES('Vila Nova de Paiva');
INSERT INTO concelho_aux VALUES('Vila Nova de Poiares');
INSERT INTO concelho_aux VALUES('Vila Pouca de Aguiar');
INSERT INTO concelho_aux VALUES('Vila Real');
INSERT INTO concelho_aux VALUES('Vila Real de Santo Antonio');
INSERT INTO concelho_aux VALUES('Vila Velha de Rodao');
INSERT INTO concelho_aux VALUES('Vila Verde');
INSERT INTO concelho_aux VALUES('Vila Vicosa');
INSERT INTO concelho_aux VALUES('Vimioso');
INSERT INTO concelho_aux VALUES('Vinhais');
INSERT INTO concelho_aux VALUES('Viseu');
INSERT INTO concelho_aux VALUES('Vizela');
INSERT INTO concelho_aux VALUES('Vouzela');

/* ------- Concelhos ------- */
INSERT INTO concelho VALUES(1, 2, 'Abrantes', 39325);
INSERT INTO concelho VALUES(2, 2, 'Agueda', 47729);
INSERT INTO concelho VALUES(3, 2, 'Aguiar da Beira', 5473);
INSERT INTO concelho VALUES(4, 4, 'Alandroal', 5843);
INSERT INTO concelho VALUES(5, 2, 'Albergaria-a-Velha', 25252);
INSERT INTO concelho VALUES(6, 5, 'Albufeira', 40828);
INSERT INTO concelho VALUES(7, 4, 'Alcacer do Sal', 13046);
INSERT INTO concelho VALUES(8, 2, 'Alcanena', 13868);
INSERT INTO concelho VALUES(9, 2, 'Alcobaca', 56693);
INSERT INTO concelho VALUES(10, 3, 'Alcochete', 17569);
INSERT INTO concelho VALUES(11, 5, 'Alcoutim', 2917);
INSERT INTO concelho VALUES(12, 2, 'Alenquer', 43267);
INSERT INTO concelho VALUES(13, 1, 'Alfandega da Fe', 5104);
INSERT INTO concelho VALUES(14, 1, 'Alijo', 11942);
INSERT INTO concelho VALUES(15, 5, 'Aljezur', 5884);
INSERT INTO concelho VALUES(16, 4, 'Aljustrel', 9257);
INSERT INTO concelho VALUES(17, 3, 'Almada', 174030);
INSERT INTO concelho VALUES(18, 2, 'Almeida', 7242);
INSERT INTO concelho VALUES(19, 4, 'Almeirim', 23376);
INSERT INTO concelho VALUES(20, 4, 'Almodovar', 7449);
INSERT INTO concelho VALUES(21, 4, 'Alpiarca', 7702);
INSERT INTO concelho VALUES(22, 4, 'Alter do Chao', 3562);
INSERT INTO concelho VALUES(23, 2, 'Alvaiazere', 7287);
INSERT INTO concelho VALUES(24, 4, 'Alvito', 2504);
INSERT INTO concelho VALUES(25, 3, 'Amadora', 175136);
INSERT INTO concelho VALUES(26, 1, 'Amarante', 56264);
INSERT INTO concelho VALUES(27, 1, 'Amares', 18889);
INSERT INTO concelho VALUES(28, 2, 'Anadia', 29150);
INSERT INTO concelho VALUES(29, 2, 'Ansiao', 13128);
INSERT INTO concelho VALUES(30, 1, 'Arcos de Valdevez', 22847);
INSERT INTO concelho VALUES(31, 2, 'Arganil', 12145);
INSERT INTO concelho VALUES(32, 1, 'Armamar', 6297);
INSERT INTO concelho VALUES(33, 1, 'Arouca', 22359);
INSERT INTO concelho VALUES(34, 4, 'Arraiolos', 7363);
INSERT INTO concelho VALUES(35, 4, 'Arronches', 3165);
INSERT INTO concelho VALUES(36, 2, 'Arruda dos Vinhos', 13391);
INSERT INTO concelho VALUES(37, 2, 'Aveiro', 78450);
INSERT INTO concelho VALUES(38, 4, 'Avis', 4571);
INSERT INTO concelho VALUES(39, 4, 'Azambuja', 21814);
INSERT INTO concelho VALUES(40, 1, 'Baiao', 20522);
INSERT INTO concelho VALUES(41, 1, 'Barcelos', 120391);
INSERT INTO concelho VALUES(42, 4, 'Barrancos', 1834);
INSERT INTO concelho VALUES(43, 3, 'Barreiro', 78764);
INSERT INTO concelho VALUES(44, 2, 'Batalha', 15805);
INSERT INTO concelho VALUES(45, 4, 'Beja', 35854);
INSERT INTO concelho VALUES(46, 2, 'Belmonte', 6859);
INSERT INTO concelho VALUES(47, 4, 'Benavente', 29019);
INSERT INTO concelho VALUES(48, 2, 'Bombarral', 13193);
INSERT INTO concelho VALUES(49, 4, 'Borba', 7333);
INSERT INTO concelho VALUES(50, 1, 'Boticas', 5750);
INSERT INTO concelho VALUES(51, 1, 'Braga', 181494);
INSERT INTO concelho VALUES(52, 1, 'Braganca', 35341);
INSERT INTO concelho VALUES(53, 1, 'Cabeceiras de Basto', 16710);
INSERT INTO concelho VALUES(54, 2, 'Cadaval', 14228);
INSERT INTO concelho VALUES(55, 2, 'Caldas da Rainha', 51729);
INSERT INTO concelho VALUES(56, 1, 'Caminha', 16684);
INSERT INTO concelho VALUES(57, 4, 'Campo Maior', 8456);
INSERT INTO concelho VALUES(58, 2, 'Cantanhede', 36595);
INSERT INTO concelho VALUES(59, 1, 'Carrazeda de Ansiaes', 6373);
INSERT INTO concelho VALUES(60, 2, 'Carregal do Sal', 9835);
INSERT INTO concelho VALUES(61, 4, 'Cartaxo', 24462);
INSERT INTO concelho VALUES(62, 3, 'Cascais', 206479);
INSERT INTO concelho VALUES(63, 2, 'Castanheira de Pera', 3191);
INSERT INTO concelho VALUES(64, 2, 'Castelo Branco', 56109);
INSERT INTO concelho VALUES(65, 1, 'Castelo de Paiva', 16733);
INSERT INTO concelho VALUES(66, 4, 'Castelo de Vide', 3407);
INSERT INTO concelho VALUES(67, 2, 'Castro Daire', 15339);
INSERT INTO concelho VALUES(68, 5, 'Castro Marim', 6747);
INSERT INTO concelho VALUES(69, 4, 'Castro Verde', 7276);
INSERT INTO concelho VALUES(70, 2, 'Celorico da Beira', 7693);
INSERT INTO concelho VALUES(71, 1, 'Celorico de Basto', 20098);
INSERT INTO concelho VALUES(72, 4, 'Chamusca', 10120);
INSERT INTO concelho VALUES(73, 1, 'Chaves', 41243);
INSERT INTO concelho VALUES(74, 1, 'Cinfaes', 20427);
INSERT INTO concelho VALUES(75, 2, 'Coimbra', 143396);
INSERT INTO concelho VALUES(76, 2, 'Condeixa-a-Nova', 17078);
INSERT INTO concelho VALUES(77, 2, 'Constancia', 4056);
INSERT INTO concelho VALUES(78, 4, 'Coruche', 19944);
INSERT INTO concelho VALUES(79, 2, 'Covilha', 51797);
INSERT INTO concelho VALUES(80, 4, 'Crato', 3708);
INSERT INTO concelho VALUES(81, 4, 'Cuba', 4878);
INSERT INTO concelho VALUES(82, 4, 'Elvas', 23078);
INSERT INTO concelho VALUES(83, 2, 'Entroncamento', 20206);
INSERT INTO concelho VALUES(84, 1, 'Espinho', 31786);
INSERT INTO concelho VALUES(85, 1, 'Esposende', 34254);
INSERT INTO concelho VALUES(86, 2, 'Estarreja', 26997);
INSERT INTO concelho VALUES(87, 4, 'Estremoz', 14318);
INSERT INTO concelho VALUES(88, 4, 'Evora', 56596);
INSERT INTO concelho VALUES(89, 1, 'Fafe', 50633);
INSERT INTO concelho VALUES(90, 5, 'Faro', 64560);
INSERT INTO concelho VALUES(91, 1, 'Felgueiras', 58065);
INSERT INTO concelho VALUES(92, 4, 'Ferreira do Alentejo', 8255);
INSERT INTO concelho VALUES(93, 2, 'Ferreira do Zezere', 8619);
INSERT INTO concelho VALUES(94, 2, 'Figueira da Foz', 62125);
INSERT INTO concelho VALUES(95, 2, 'Figueira de Castelo Rodrigo', 6260);
INSERT INTO concelho VALUES(96, 2, 'Figueiro dos Vinhos', 6169);
INSERT INTO concelho VALUES(97, 2, 'Fornos de Algodres', 4989);
INSERT INTO concelho VALUES(98, 1, 'Freixo de Espada a Cinta', 3780);
INSERT INTO concelho VALUES(99, 4, 'Fronteira', 3410);
INSERT INTO concelho VALUES(100, 2, 'Fundao', 29213);
INSERT INTO concelho VALUES(101, 4, 'Gaviao', 4132);
INSERT INTO concelho VALUES(102, 2, 'Gois', 4260);
INSERT INTO concelho VALUES(103, 4, 'Golega', 5465);
INSERT INTO concelho VALUES(104, 1, 'Gondomar', 168027);
INSERT INTO concelho VALUES(105, 2, 'Gouveia', 14046);
INSERT INTO concelho VALUES(106, 4, 'Grandola', 14826);
INSERT INTO concelho VALUES(107, 2, 'Guarda', 42541);
INSERT INTO concelho VALUES(108, 1, 'Guimaraes', 158124);
INSERT INTO concelho VALUES(109, 2, 'Idanha-a-Nova', 9716);
INSERT INTO concelho VALUES(110, 2, 'Ilhavo', 38598);
INSERT INTO concelho VALUES(111, 5, 'Lagoa', 22975);
INSERT INTO concelho VALUES(112, 5, 'Lagos', 31049);
INSERT INTO concelho VALUES(113, 1, 'Lamego', 26691);
INSERT INTO concelho VALUES(114, 2, 'Leiria', 126897);
INSERT INTO concelho VALUES(115, 3, 'Lisboa', 547733);
INSERT INTO concelho VALUES(116, 5, 'Loule', 70622);
INSERT INTO concelho VALUES(117, 3, 'Loures', 205054);
INSERT INTO concelho VALUES(118, 2, 'Lourinha', 25735);
INSERT INTO concelho VALUES(119, 2, 'Lousa', 17604);
INSERT INTO concelho VALUES(120, 1, 'Lousada', 47387);
INSERT INTO concelho VALUES(121, 2, 'Macao', 7338);
INSERT INTO concelho VALUES(122, 1, 'Macedo de Cavaleiros', 15776);
INSERT INTO concelho VALUES(123, 3, 'Mafra', 76685);
INSERT INTO concelho VALUES(124, 1, 'Maia', 135306);
INSERT INTO concelho VALUES(125, 2, 'Mangualde', 19880);
INSERT INTO concelho VALUES(126, 2, 'Manteigas', 3430);
INSERT INTO concelho VALUES(127, 1, 'Marco de Canaveses', 53450);
INSERT INTO concelho VALUES(128, 2, 'Marinha Grande', 38681);
INSERT INTO concelho VALUES(129, 4, 'Marvao', 3512);
INSERT INTO concelho VALUES(130, 1, 'Matosinhos', 175478);
INSERT INTO concelho VALUES(131, 2, 'Mealhada', 20428);
INSERT INTO concelho VALUES(132, 2, 'Meda', 5202);
INSERT INTO concelho VALUES(133, 1, 'Melgaco', 9213);
INSERT INTO concelho VALUES(134, 4, 'Mertola', 7274);
INSERT INTO concelho VALUES(135, 1, 'Mesao Frio', 4433);
INSERT INTO concelho VALUES(136, 2, 'Mira', 12465);
INSERT INTO concelho VALUES(137, 2, 'Miranda do Corvo', 13098);
INSERT INTO concelho VALUES(138, 1, 'Miranda do Douro', 7482);
INSERT INTO concelho VALUES(139, 1, 'Mirandela', 23850);
INSERT INTO concelho VALUES(140, 1, 'Mogadouro', 9542);
INSERT INTO concelho VALUES(141, 1, 'Moimenta da Beira', 10212);
INSERT INTO concelho VALUES(142, 3, 'Moita', 66029);
INSERT INTO concelho VALUES(143, 1, 'Moncao', 19230);
INSERT INTO concelho VALUES(144, 5, 'Monchique', 6045);
INSERT INTO concelho VALUES(145, 1, 'Mondim de Basto', 7493);
INSERT INTO concelho VALUES(146, 4, 'Monforte', 3329);
INSERT INTO concelho VALUES(147, 1, 'Montalegre', 10537);
INSERT INTO concelho VALUES(148, 4, 'Montemor-o-Novo', 17437);
INSERT INTO concelho VALUES(149, 2, 'Montemor-o-Velho', 26171);
INSERT INTO concelho VALUES(150, 3, 'Montijo', 51222);
INSERT INTO concelho VALUES(151, 4, 'Mora', 4978);
INSERT INTO concelho VALUES(152, 2, 'Mortagua', 9607);
INSERT INTO concelho VALUES(153, 4, 'Moura', 15167);
INSERT INTO concelho VALUES(154, 4, 'Mourao', 2663);
INSERT INTO concelho VALUES(155, 1, 'Murca', 5952);
INSERT INTO concelho VALUES(156, 2, 'Murtosa', 10585);
INSERT INTO concelho VALUES(157, 2, 'Nazare', 15158);
INSERT INTO concelho VALUES(158, 2, 'Nelas', 14037);
INSERT INTO concelho VALUES(159, 4, 'Nisa', 7450);
INSERT INTO concelho VALUES(160, 2, 'Obidos', 11772);
INSERT INTO concelho VALUES(161, 4, 'Odemira', 26066);
INSERT INTO concelho VALUES(162, 3, 'Odivelas', 144549);
INSERT INTO concelho VALUES(163, 3, 'Oeiras', 172120);
INSERT INTO concelho VALUES(164, 2, 'Oleiros', 5721);
INSERT INTO concelho VALUES(165, 5, 'Olhao', 45396);
INSERT INTO concelho VALUES(166, 1, 'Oliveira de Azemeis', 68611);
INSERT INTO concelho VALUES(167, 2, 'Oliveira de Frades', 10261);
INSERT INTO concelho VALUES(168, 2, 'Oliveira do Bairro', 23028);
INSERT INTO concelho VALUES(169, 2, 'Oliveira do Hospital', 20855);
INSERT INTO concelho VALUES(170, 2, 'Ourem', 45932);
INSERT INTO concelho VALUES(171, 4, 'Ourique', 5389);
INSERT INTO concelho VALUES(172, 2, 'Ovar', 55398);
INSERT INTO concelho VALUES(173, 1, 'Pacos de Ferreira', 56340);
INSERT INTO concelho VALUES(174, 3, 'Palmela', 62831);
INSERT INTO concelho VALUES(175, 2, 'Pampilhosa da Serra', 4481);
INSERT INTO concelho VALUES(176, 1, 'Paredes', 86854);
INSERT INTO concelho VALUES(177, 1, 'Paredes de Coura', 9198);
INSERT INTO concelho VALUES(178, 2, 'Pedrogao Grande', 3915);
INSERT INTO concelho VALUES(179, 2, 'Penacova', 15251);
INSERT INTO concelho VALUES(180, 1, 'Penafiel', 72265);
INSERT INTO concelho VALUES(181, 2, 'Penalva do Castelo', 7956);
INSERT INTO concelho VALUES(182, 2, 'Penamacor', 5682);
INSERT INTO concelho VALUES(183, 1, 'Penedono', 2952);
INSERT INTO concelho VALUES(184, 2, 'Penela', 5983);
INSERT INTO concelho VALUES(185, 2, 'Peniche', 27753);
INSERT INTO concelho VALUES(186, 1, 'Peso da Regua', 17131);
INSERT INTO concelho VALUES(187, 2, 'Pinhel', 9627);
INSERT INTO concelho VALUES(188, 2, 'Pombal', 55217);
INSERT INTO concelho VALUES(189, 1, 'Ponte da Barca', 12061);
INSERT INTO concelho VALUES(190, 1, 'Ponte de Lima', 43498);
INSERT INTO concelho VALUES(191, 4, 'Ponte de Sor', 16722);
INSERT INTO concelho VALUES(192, 4, 'Portalegre', 24930);
INSERT INTO concelho VALUES(193, 4, 'Portel', 6428);
INSERT INTO concelho VALUES(194, 5, 'Portimao', 55614);
INSERT INTO concelho VALUES(195, 1, 'Porto', 237591);
INSERT INTO concelho VALUES(196, 2, 'Porto de Mos', 24342);
INSERT INTO concelho VALUES(197, 1, 'Povoa de Lanhoso', 21886);
INSERT INTO concelho VALUES(198, 1, 'Povoa de Varzim', 63408);
INSERT INTO concelho VALUES(199, 2, 'Proenca-a-Nova', 8314);
INSERT INTO concelho VALUES(200, 4, 'Redondo', 7031);
INSERT INTO concelho VALUES(201, 4, 'Reguengos de Monsaraz', 10828);
INSERT INTO concelho VALUES(202, 1, 'Resende', 11364);
INSERT INTO concelho VALUES(203, 1, 'Ribeira de Pena', 6544);
INSERT INTO concelho VALUES(204, 4, 'Rio Maior', 21192);
INSERT INTO concelho VALUES(205, 1, 'Sabrosa', 6361);
INSERT INTO concelho VALUES(206, 2, 'Sabugal', 12544);
INSERT INTO concelho VALUES(207, 4, 'Salvaterra de Magos', 22159);
INSERT INTO concelho VALUES(208, 2, 'Santa Comba Dao', 11597);
INSERT INTO concelho VALUES(209, 1, 'Santa Maria da Feira', 139312);
INSERT INTO concelho VALUES(210, 1, 'Santa Marta de Penaguiao', 7356);
INSERT INTO concelho VALUES(211, 4, 'Santarem', 62200);
INSERT INTO concelho VALUES(212, 4, 'Santiago do Cacem', 29749);
INSERT INTO concelho VALUES(213, 1, 'Santo Tirso', 71530);
INSERT INTO concelho VALUES(214, 5, 'Sao Bras de Alportel', 10662);
INSERT INTO concelho VALUES(215, 1, 'Sao Joao da Madeira', 21713);
INSERT INTO concelho VALUES(216, 1, 'Sao Joao da Pesqueira', 7874);
INSERT INTO concelho VALUES(217, 2, 'Sao Pedro do Sul', 16851);
INSERT INTO concelho VALUES(218, 2, 'Sardoal', 3939);
INSERT INTO concelho VALUES(219, 2, 'Satao', 12444);
INSERT INTO concelho VALUES(220, 2, 'Seia', 24702);
INSERT INTO concelho VALUES(221, 3, 'Seixal', 158269);
INSERT INTO concelho VALUES(222, 1, 'Sernancelhe', 5671);
INSERT INTO concelho VALUES(223, 4, 'Serpa', 15623);
INSERT INTO concelho VALUES(224, 2, 'Serta', 15880);
INSERT INTO concelho VALUES(225, 3, 'Sesimbra', 49500);
INSERT INTO concelho VALUES(226, 3, 'Setubal', 121185);
INSERT INTO concelho VALUES(227, 2, 'Sever do Vouga', 12356);
INSERT INTO concelho VALUES(228, 5, 'Silves', 37126);
INSERT INTO concelho VALUES(229, 4, 'Sines', 14238);
INSERT INTO concelho VALUES(230, 3, 'Sintra', 377835);
INSERT INTO concelho VALUES(231, 2, 'Sobral de Monte Agraco', 10156);
INSERT INTO concelho VALUES(232, 2, 'Soure', 19245);
INSERT INTO concelho VALUES(233, 4, 'Sousel', 5074);
INSERT INTO concelho VALUES(234, 2, 'Tabua', 12071);
INSERT INTO concelho VALUES(235, 1, 'Tabuaco', 6350);
INSERT INTO concelho VALUES(236, 1, 'Tarouca', 8048);
INSERT INTO concelho VALUES(237, 5, 'Tavira', 26167);
INSERT INTO concelho VALUES(238, 1, 'Terras de Bouro', 7253);
INSERT INTO concelho VALUES(239, 2, 'Tomar', 40677);
INSERT INTO concelho VALUES(240, 2, 'Tondela', 28946);
INSERT INTO concelho VALUES(241, 1, 'Torre de Moncorvo', 8572);
INSERT INTO concelho VALUES(242, 2, 'Torres Novas', 36717);
INSERT INTO concelho VALUES(243, 2, 'Torres Vedras', 79465);
INSERT INTO concelho VALUES(244, 2, 'Trancoso', 9878);
INSERT INTO concelho VALUES(245, 1, 'Trofa', 38999);
INSERT INTO concelho VALUES(246, 2, 'Vagos', 22851);
INSERT INTO concelho VALUES(247, 1, 'Vale de Cambra', 22864);
INSERT INTO concelho VALUES(248, 1, 'Valenca', 14127);
INSERT INTO concelho VALUES(249, 1, 'Valongo', 93858);
INSERT INTO concelho VALUES(250, 1, 'Valpacos', 16882);
INSERT INTO concelho VALUES(251, 4, 'Vendas Novas', 11846);
INSERT INTO concelho VALUES(252, 4, 'Viana do Alentejo', 5743);
INSERT INTO concelho VALUES(253, 1, 'Viana do Castelo', 88725);
INSERT INTO concelho VALUES(254, 4, 'Vidigueira', 5932);
INSERT INTO concelho VALUES(255, 1, 'Vieira do Minho', 12997);
INSERT INTO concelho VALUES(256, 2, 'Vila de Rei', 3452);
INSERT INTO concelho VALUES(257, 5, 'Vila do Bispo', 5258);
INSERT INTO concelho VALUES(258, 1, 'Vila do Conde', 79533);
INSERT INTO concelho VALUES(259, 1, 'Vila Flor', 6697);
INSERT INTO concelho VALUES(260, 3, 'Vila Franca de Xira', 136886);
INSERT INTO concelho VALUES(261, 2, 'Vila Nova da Barquinha', 7322);
INSERT INTO concelho VALUES(262, 1, 'Vila Nova de Cerveira', 9253);
INSERT INTO concelho VALUES(263, 1, 'Vila Nova de Famalicao', 133832);
INSERT INTO concelho VALUES(264, 1, 'Vila Nova de Foz Coa', 7312);
INSERT INTO concelho VALUES(265, 1, 'Vila Nova de Gaia', 302295);
INSERT INTO concelho VALUES(266, 2, 'Vila Nova de Paiva', 5176);
INSERT INTO concelho VALUES(267, 2, 'Vila Nova de Poiares', 7281);
INSERT INTO concelho VALUES(268, 1, 'Vila Pouca de Aguiar', 13187);
INSERT INTO concelho VALUES(269, 1, 'Vila Real', 51850);
INSERT INTO concelho VALUES(270, 5, 'Vila Real de Santo Antonio', 19156);
INSERT INTO concelho VALUES(271, 2, 'Vila Velha de Rodao', 3521);
INSERT INTO concelho VALUES(272, 1, 'Vila Verde', 47888);
INSERT INTO concelho VALUES(273, 4, 'Vila Vicosa', 8319);
INSERT INTO concelho VALUES(274, 1, 'Vimioso', 4669);
INSERT INTO concelho VALUES(275, 1, 'Vinhais', 9066);
INSERT INTO concelho VALUES(276, 2, 'Viseu', 99274);
INSERT INTO concelho VALUES(277, 1, 'Vizela', 23736);
INSERT INTO concelho VALUES(278, 2, 'Vouzela', 10564);

/* ------- Instituicoes ------- */
/* nome, tipo, num_regiao, num_concelho*/
INSERT INTO instituicao VALUES('Instituicao1', 'farmacia', 1, 33);
INSERT INTO instituicao VALUES('Instituicao2', 'farmacia', 1, 33);
INSERT INTO instituicao VALUES('Instituicao3', 'farmacia', 1, 33);
INSERT INTO instituicao VALUES('Instituicao4', 'farmacia', 1, 33);
INSERT INTO instituicao VALUES('Instituicao5', 'farmacia', 1, 33);
INSERT INTO instituicao VALUES('Instituicao6', 'farmacia', 1, 33);
INSERT INTO instituicao VALUES('Instituicao7', 'farmacia', 1, 33);
INSERT INTO instituicao VALUES('Instituicao8', 'farmacia', 2, 8);
INSERT INTO instituicao VALUES('Instituicao9', 'farmacia', 2, 9);
INSERT INTO instituicao VALUES('Instituicao10', 'farmacia', 3, 10);
INSERT INTO instituicao VALUES('Instituicao11', 'farmacia', 5, 11);
INSERT INTO instituicao VALUES('Instituicao12', 'farmacia', 2, 12);
INSERT INTO instituicao VALUES('Instituicao13', 'farmacia', 1, 13);
INSERT INTO instituicao VALUES('Instituicao14', 'farmacia', 1, 14);
INSERT INTO instituicao VALUES('Instituicao15', 'farmacia', 5, 15);
INSERT INTO instituicao VALUES('Instituicao16', 'farmacia', 4, 16);
INSERT INTO instituicao VALUES('Instituicao17', 'laboratorio', 3, 17);
INSERT INTO instituicao VALUES('Instituicao18', 'laboratorio', 2, 18);
INSERT INTO instituicao VALUES('Instituicao19', 'laboratorio', 4, 19);
INSERT INTO instituicao VALUES('Instituicao20', 'laboratorio', 4, 20);
INSERT INTO instituicao VALUES('Instituicao21', 'laboratorio', 4, 21);
INSERT INTO instituicao VALUES('Instituicao22', 'laboratorio', 4, 22);
INSERT INTO instituicao VALUES('Instituicao23', 'laboratorio', 2, 23);
INSERT INTO instituicao VALUES('Instituicao24', 'laboratorio', 4, 24);
INSERT INTO instituicao VALUES('Instituicao25', 'laboratorio', 3, 25);
INSERT INTO instituicao VALUES('Instituicao26', 'laboratorio', 1, 26);
INSERT INTO instituicao VALUES('Instituicao27', 'laboratorio', 1, 27);
INSERT INTO instituicao VALUES('Instituicao28', 'laboratorio', 2, 28);
INSERT INTO instituicao VALUES('Instituicao29', 'laboratorio', 2, 29);
INSERT INTO instituicao VALUES('Instituicao30', 'clinica', 1, 30);
INSERT INTO instituicao VALUES('Instituicao31', 'clinica', 2, 31);
INSERT INTO instituicao VALUES('Instituicao32', 'clinica', 1, 32);
INSERT INTO instituicao VALUES('Instituicao33', 'clinica', 1, 33);
INSERT INTO instituicao VALUES('Instituicao34', 'clinica', 4, 34);
INSERT INTO instituicao VALUES('Instituicao35', 'clinica', 4, 35);
INSERT INTO instituicao VALUES('Instituicao36', 'clinica', 2, 36);
INSERT INTO instituicao VALUES('Instituicao37', 'clinica', 2, 37);
INSERT INTO instituicao VALUES('Instituicao38', 'clinica', 4, 38);
INSERT INTO instituicao VALUES('Instituicao39', 'clinica', 4, 39);
INSERT INTO instituicao VALUES('Instituicao40', 'hospital', 1, 40);
INSERT INTO instituicao VALUES('Instituicao41', 'hospital', 1, 41);
INSERT INTO instituicao VALUES('Instituicao42', 'hospital', 4, 42);
INSERT INTO instituicao VALUES('Instituicao43', 'hospital', 3, 43);
INSERT INTO instituicao VALUES('Instituicao44', 'hospital', 2, 44);
INSERT INTO instituicao VALUES('Instituicao45', 'hospital', 4, 45);
INSERT INTO instituicao VALUES('Instituicao46', 'hospital', 2, 46);
INSERT INTO instituicao VALUES('Instituicao47', 'farmacia', 4, 47);
INSERT INTO instituicao VALUES('Instituicao48', 'farmacia', 2, 48);
INSERT INTO instituicao VALUES('Instituicao49', 'hospital', 4, 49);
INSERT INTO instituicao VALUES('Instituicao50', 'farmacia', 1, 50);
INSERT INTO instituicao VALUES('Instituicao51', 'farmacia', 1, 51);
INSERT INTO instituicao VALUES('Instituicao52', 'farmacia', 1, 52);
INSERT INTO instituicao VALUES('Instituicao53', 'farmacia', 1, 53);
INSERT INTO instituicao VALUES('Instituicao54', 'hospital', 2, 54);
INSERT INTO instituicao VALUES('Instituicao55', 'hospital', 2, 55);
INSERT INTO instituicao VALUES('Instituicao56', 'hospital', 1, 56);
INSERT INTO instituicao VALUES('Instituicao57', 'clinica', 4, 57);
INSERT INTO instituicao VALUES('Instituicao58', 'clinica', 2, 58);
INSERT INTO instituicao VALUES('Instituicao59', 'hospital', 1, 59);
INSERT INTO instituicao VALUES('Instituicao60', 'hospital', 2, 60);
INSERT INTO instituicao VALUES('Instituicao61', 'hospital', 4, 61);
INSERT INTO instituicao VALUES('Instituicao62', 'hospital', 3, 62);
INSERT INTO instituicao VALUES('Instituicao63', 'hospital', 2, 63);
INSERT INTO instituicao VALUES('Instituicao64', 'hospital', 2, 64);
INSERT INTO instituicao VALUES('Instituicao65', 'hospital', 1, 65);
INSERT INTO instituicao VALUES('Instituicao66', 'hospital', 4, 66);
INSERT INTO instituicao VALUES('Instituicao67', 'hospital', 2, 67);
INSERT INTO instituicao VALUES('Instituicao68', 'hospital', 5, 68);
INSERT INTO instituicao VALUES('Instituicao69', 'hospital', 4, 69);
INSERT INTO instituicao VALUES('Instituicao70', 'hospital', 2, 70);
INSERT INTO instituicao VALUES('Instituicao71', 'hospital', 1, 71);
INSERT INTO instituicao VALUES('Instituicao72', 'hospital', 4, 72);
INSERT INTO instituicao VALUES('Instituicao73', 'hospital', 1, 73);
INSERT INTO instituicao VALUES('Instituicao74', 'hospital', 1, 74);
INSERT INTO instituicao VALUES('Instituicao75', 'hospital', 2, 75);
INSERT INTO instituicao VALUES('Instituicao76', 'hospital', 2, 76);
INSERT INTO instituicao VALUES('Instituicao77', 'hospital', 2, 77);
INSERT INTO instituicao VALUES('Instituicao78', 'hospital', 4, 78);
INSERT INTO instituicao VALUES('Instituicao79', 'hospital', 2, 79);
INSERT INTO instituicao VALUES('Instituicao80', 'hospital', 4, 80);
INSERT INTO instituicao VALUES('Instituicao81', 'hospital', 4, 81);
INSERT INTO instituicao VALUES('Instituicao82', 'hospital', 4, 82);
INSERT INTO instituicao VALUES('Instituicao83', 'hospital', 2, 83);
INSERT INTO instituicao VALUES('Instituicao84', 'hospital', 1, 84);
INSERT INTO instituicao VALUES('Instituicao85', 'hospital', 1, 85);
INSERT INTO instituicao VALUES('Instituicao86', 'hospital', 2, 86);
INSERT INTO instituicao VALUES('Instituicao87', 'hospital', 4, 87);
INSERT INTO instituicao VALUES('Instituicao88', 'hospital', 4, 88);
INSERT INTO instituicao VALUES('Instituicao89', 'hospital', 1, 89);
INSERT INTO instituicao VALUES('Instituicao90', 'hospital', 5, 90);
INSERT INTO instituicao VALUES('Instituicao91', 'hospital', 1, 91);
INSERT INTO instituicao VALUES('Instituicao92', 'hospital', 4, 92);
INSERT INTO instituicao VALUES('Instituicao93', 'hospital', 2, 93);
INSERT INTO instituicao VALUES('Instituicao94', 'hospital', 2, 94);
INSERT INTO instituicao VALUES('Instituicao95', 'hospital', 2, 95);
INSERT INTO instituicao VALUES('Instituicao96', 'hospital', 2, 96);
INSERT INTO instituicao VALUES('Instituicao97', 'hospital', 2, 97);
INSERT INTO instituicao VALUES('Instituicao98', 'hospital', 1, 98);
INSERT INTO instituicao VALUES('Instituicao99', 'hospital', 4, 99);
INSERT INTO instituicao VALUES('Instituicao100', 'hospital', 2, 100);
INSERT INTO instituicao VALUES('Instituicao101', 'hospital', 4, 101);
INSERT INTO instituicao VALUES('Instituicao102', 'hospital', 2, 102);
INSERT INTO instituicao VALUES('Instituicao103', 'hospital', 4, 103);
INSERT INTO instituicao VALUES('Instituicao104', 'hospital', 1, 104);
INSERT INTO instituicao VALUES('Instituicao105', 'hospital', 2, 105);
INSERT INTO instituicao VALUES('Instituicao106', 'hospital', 4, 106);
INSERT INTO instituicao VALUES('Instituicao107', 'hospital', 2, 107);
INSERT INTO instituicao VALUES('Instituicao108', 'hospital', 1, 108);
INSERT INTO instituicao VALUES('Instituicao109', 'hospital', 2, 109);
INSERT INTO instituicao VALUES('Instituicao110', 'hospital', 2, 110);
INSERT INTO instituicao VALUES('Instituicao111', 'hospital', 5, 111);
INSERT INTO instituicao VALUES('Instituicao112', 'hospital', 5, 112);
INSERT INTO instituicao VALUES('Instituicao113', 'hospital', 1, 113);
INSERT INTO instituicao VALUES('Instituicao114', 'hospital', 2, 114);
INSERT INTO instituicao VALUES('Instituicao115', 'hospital', 3, 115);
INSERT INTO instituicao VALUES('Instituicao116', 'hospital', 5, 116);
INSERT INTO instituicao VALUES('Instituicao117', 'hospital', 3, 117);
INSERT INTO instituicao VALUES('Instituicao118', 'hospital', 2, 118);
INSERT INTO instituicao VALUES('Instituicao119', 'hospital', 2, 119);
INSERT INTO instituicao VALUES('Instituicao120', 'hospital', 1, 120);
INSERT INTO instituicao VALUES('Instituicao121', 'hospital', 2, 121);
INSERT INTO instituicao VALUES('Instituicao122', 'hospital', 1, 122);
INSERT INTO instituicao VALUES('Instituicao123', 'hospital', 3, 123);
INSERT INTO instituicao VALUES('Instituicao124', 'hospital', 1, 124);
INSERT INTO instituicao VALUES('Instituicao125', 'hospital', 2, 125);
INSERT INTO instituicao VALUES('Instituicao126', 'hospital', 2, 126);
INSERT INTO instituicao VALUES('Instituicao127', 'hospital', 1, 127);
INSERT INTO instituicao VALUES('Instituicao128', 'hospital', 2, 128);
INSERT INTO instituicao VALUES('Instituicao129', 'hospital', 4, 129);
INSERT INTO instituicao VALUES('Instituicao130', 'hospital', 1, 130);
INSERT INTO instituicao VALUES('Instituicao131', 'hospital', 2, 131);
INSERT INTO instituicao VALUES('Instituicao132', 'hospital', 2, 132);
INSERT INTO instituicao VALUES('Instituicao133', 'hospital', 1, 133);
INSERT INTO instituicao VALUES('Instituicao134', 'hospital', 4, 134);
INSERT INTO instituicao VALUES('Instituicao135', 'hospital', 1, 135);
INSERT INTO instituicao VALUES('Instituicao136', 'hospital', 2, 136);
INSERT INTO instituicao VALUES('Instituicao137', 'hospital', 2, 137);
INSERT INTO instituicao VALUES('Instituicao138', 'hospital', 1, 138);
INSERT INTO instituicao VALUES('Instituicao139', 'hospital', 1, 139);
INSERT INTO instituicao VALUES('Instituicao140', 'hospital', 1, 140);
INSERT INTO instituicao VALUES('Instituicao141', 'hospital', 1, 141);
INSERT INTO instituicao VALUES('Instituicao142', 'hospital', 3, 142);
INSERT INTO instituicao VALUES('Instituicao143', 'hospital', 1, 143);
INSERT INTO instituicao VALUES('Instituicao144', 'hospital', 5, 144);
INSERT INTO instituicao VALUES('Instituicao145', 'hospital', 1, 145);
INSERT INTO instituicao VALUES('Instituicao146', 'hospital', 4, 146);
INSERT INTO instituicao VALUES('Instituicao147', 'hospital', 1, 147);
INSERT INTO instituicao VALUES('Instituicao148', 'hospital', 4, 148);
INSERT INTO instituicao VALUES('Instituicao149', 'hospital', 2, 149);
INSERT INTO instituicao VALUES('Instituicao150', 'hospital', 3, 150);
INSERT INTO instituicao VALUES('Instituicao151', 'hospital', 4, 151);
INSERT INTO instituicao VALUES('Instituicao152', 'hospital', 2, 152);
INSERT INTO instituicao VALUES('Instituicao153', 'hospital', 4, 153);
INSERT INTO instituicao VALUES('Instituicao154', 'hospital', 4, 154);
INSERT INTO instituicao VALUES('Instituicao155', 'hospital', 1, 155);
INSERT INTO instituicao VALUES('Instituicao156', 'hospital', 2, 156);
INSERT INTO instituicao VALUES('Instituicao157', 'hospital', 2, 157);
INSERT INTO instituicao VALUES('Instituicao158', 'hospital', 2, 158);
INSERT INTO instituicao VALUES('Instituicao159', 'hospital', 4, 159);
INSERT INTO instituicao VALUES('Instituicao160', 'hospital', 2, 160);
INSERT INTO instituicao VALUES('Instituicao161', 'hospital', 4, 161);
INSERT INTO instituicao VALUES('Instituicao162', 'hospital', 3, 162);
INSERT INTO instituicao VALUES('Instituicao163', 'hospital', 3, 163);
INSERT INTO instituicao VALUES('Instituicao164', 'hospital', 2, 164);
INSERT INTO instituicao VALUES('Instituicao165', 'hospital', 5, 165);
INSERT INTO instituicao VALUES('Instituicao166', 'hospital', 1, 166);
INSERT INTO instituicao VALUES('Instituicao167', 'hospital', 2, 167);
INSERT INTO instituicao VALUES('Instituicao168', 'hospital', 2, 168);
INSERT INTO instituicao VALUES('Instituicao169', 'hospital', 2, 169);
INSERT INTO instituicao VALUES('Instituicao170', 'hospital', 2, 170);
INSERT INTO instituicao VALUES('Instituicao171', 'hospital', 4, 171);
INSERT INTO instituicao VALUES('Instituicao172', 'hospital', 2, 172);
INSERT INTO instituicao VALUES('Instituicao173', 'hospital', 1, 173);
INSERT INTO instituicao VALUES('Instituicao174', 'hospital', 3, 174);
INSERT INTO instituicao VALUES('Instituicao175', 'hospital', 2, 175);
INSERT INTO instituicao VALUES('Instituicao176', 'hospital', 1, 176);
INSERT INTO instituicao VALUES('Instituicao177', 'hospital', 1, 177);
INSERT INTO instituicao VALUES('Instituicao178', 'hospital', 2, 178);
INSERT INTO instituicao VALUES('Instituicao179', 'hospital', 2, 179);
INSERT INTO instituicao VALUES('Instituicao180', 'hospital', 1, 180);
INSERT INTO instituicao VALUES('Instituicao181', 'hospital', 2, 181);
INSERT INTO instituicao VALUES('Instituicao182', 'hospital', 2, 182);
INSERT INTO instituicao VALUES('Instituicao183', 'hospital', 1, 183);
INSERT INTO instituicao VALUES('Instituicao184', 'hospital', 2, 184);
INSERT INTO instituicao VALUES('Instituicao185', 'hospital', 2, 185);
INSERT INTO instituicao VALUES('Instituicao186', 'hospital', 1, 186);
INSERT INTO instituicao VALUES('Instituicao187', 'hospital', 2, 187);
INSERT INTO instituicao VALUES('Instituicao188', 'hospital', 2, 188);
INSERT INTO instituicao VALUES('Instituicao189', 'hospital', 1, 189);
INSERT INTO instituicao VALUES('Instituicao190', 'hospital', 1, 190);
INSERT INTO instituicao VALUES('Instituicao191', 'hospital', 4, 191);
INSERT INTO instituicao VALUES('Instituicao192', 'hospital', 4, 192);
INSERT INTO instituicao VALUES('Instituicao193', 'hospital', 4, 193);
INSERT INTO instituicao VALUES('Instituicao194', 'hospital', 5, 194);
INSERT INTO instituicao VALUES('Instituicao195', 'hospital', 1, 195);
INSERT INTO instituicao VALUES('Instituicao196', 'hospital', 2, 196);
INSERT INTO instituicao VALUES('Instituicao197', 'hospital', 1, 197);
INSERT INTO instituicao VALUES('Instituicao198', 'hospital', 1, 198);
INSERT INTO instituicao VALUES('Instituicao199', 'hospital', 2, 199);
INSERT INTO instituicao VALUES('Instituicao200', 'hospital', 4, 200);
INSERT INTO instituicao VALUES('Instituicao201', 'hospital', 4, 201);
INSERT INTO instituicao VALUES('Instituicao202', 'hospital', 1, 202);
INSERT INTO instituicao VALUES('Instituicao203', 'hospital', 1, 203);
INSERT INTO instituicao VALUES('Instituicao204', 'hospital', 4, 204);
INSERT INTO instituicao VALUES('Instituicao205', 'hospital', 1, 205);
INSERT INTO instituicao VALUES('Instituicao206', 'hospital', 2, 206);
INSERT INTO instituicao VALUES('Instituicao207', 'hospital', 4, 207);
INSERT INTO instituicao VALUES('Instituicao208', 'hospital', 2, 208);
INSERT INTO instituicao VALUES('Instituicao209', 'hospital', 1, 209);
INSERT INTO instituicao VALUES('Instituicao210', 'hospital', 1, 210);
INSERT INTO instituicao VALUES('Instituicao211', 'hospital', 4, 211);
INSERT INTO instituicao VALUES('Instituicao212', 'hospital', 4, 212);
INSERT INTO instituicao VALUES('Instituicao213', 'hospital', 1, 213);
INSERT INTO instituicao VALUES('Instituicao214', 'hospital', 5, 214);
INSERT INTO instituicao VALUES('Instituicao215', 'hospital', 1, 215);
INSERT INTO instituicao VALUES('Instituicao216', 'hospital', 1, 216);
INSERT INTO instituicao VALUES('Instituicao217', 'hospital', 2, 217);
INSERT INTO instituicao VALUES('Instituicao218', 'hospital', 2, 218);
INSERT INTO instituicao VALUES('Instituicao219', 'hospital', 2, 219);
INSERT INTO instituicao VALUES('Instituicao220', 'hospital', 2, 220);
INSERT INTO instituicao VALUES('Instituicao221', 'hospital', 3, 221);
INSERT INTO instituicao VALUES('Instituicao222', 'hospital', 1, 222);
INSERT INTO instituicao VALUES('Instituicao223', 'hospital', 4, 223);
INSERT INTO instituicao VALUES('Instituicao224', 'hospital', 2, 224);
INSERT INTO instituicao VALUES('Instituicao225', 'hospital', 3, 225);
INSERT INTO instituicao VALUES('Instituicao226', 'hospital', 3, 226);
INSERT INTO instituicao VALUES('Instituicao227', 'hospital', 2, 227);
INSERT INTO instituicao VALUES('Instituicao228', 'hospital', 5, 228);
INSERT INTO instituicao VALUES('Instituicao229', 'hospital', 4, 229);
INSERT INTO instituicao VALUES('Instituicao230', 'hospital', 3, 230);
INSERT INTO instituicao VALUES('Instituicao231', 'hospital', 2, 231);
INSERT INTO instituicao VALUES('Instituicao232', 'hospital', 2, 232);
INSERT INTO instituicao VALUES('Instituicao233', 'hospital', 4, 233);
INSERT INTO instituicao VALUES('Instituicao234', 'hospital', 2, 234);
INSERT INTO instituicao VALUES('Instituicao235', 'hospital', 1, 235);
INSERT INTO instituicao VALUES('Instituicao236', 'hospital', 1, 236);
INSERT INTO instituicao VALUES('Instituicao237', 'hospital', 5, 237);
INSERT INTO instituicao VALUES('Instituicao238', 'hospital', 1, 238);
INSERT INTO instituicao VALUES('Instituicao239', 'hospital', 2, 239);
INSERT INTO instituicao VALUES('Instituicao240', 'hospital', 2, 240);
INSERT INTO instituicao VALUES('Instituicao241', 'hospital', 1, 241);
INSERT INTO instituicao VALUES('Instituicao242', 'hospital', 2, 242);
INSERT INTO instituicao VALUES('Instituicao243', 'hospital', 2, 243);
INSERT INTO instituicao VALUES('Instituicao244', 'hospital', 2, 244);
INSERT INTO instituicao VALUES('Instituicao245', 'hospital', 1, 245);
INSERT INTO instituicao VALUES('Instituicao246', 'hospital', 2, 246);
INSERT INTO instituicao VALUES('Instituicao247', 'hospital', 1, 247);
INSERT INTO instituicao VALUES('Instituicao248', 'hospital', 1, 248);
INSERT INTO instituicao VALUES('Instituicao249', 'hospital', 1, 249);
INSERT INTO instituicao VALUES('Instituicao250', 'hospital', 1, 250);
INSERT INTO instituicao VALUES('Instituicao251', 'hospital', 4, 251);
INSERT INTO instituicao VALUES('Instituicao252', 'hospital', 4, 252);
INSERT INTO instituicao VALUES('Instituicao253', 'hospital', 1, 253);
INSERT INTO instituicao VALUES('Instituicao254', 'hospital', 4, 254);
INSERT INTO instituicao VALUES('Instituicao255', 'hospital', 1, 255);
INSERT INTO instituicao VALUES('Instituicao256', 'hospital', 2, 256);
INSERT INTO instituicao VALUES('Instituicao257', 'hospital', 5, 257);
INSERT INTO instituicao VALUES('Instituicao258', 'hospital', 1, 258);
INSERT INTO instituicao VALUES('Instituicao259', 'hospital', 1, 259);
INSERT INTO instituicao VALUES('Instituicao260', 'hospital', 3, 260);
INSERT INTO instituicao VALUES('Instituicao261', 'hospital', 2, 261);
INSERT INTO instituicao VALUES('Instituicao262', 'hospital', 1, 262);
INSERT INTO instituicao VALUES('Instituicao263', 'hospital', 1, 263);
INSERT INTO instituicao VALUES('Instituicao264', 'hospital', 1, 264);
INSERT INTO instituicao VALUES('Instituicao265', 'hospital', 1, 265);
INSERT INTO instituicao VALUES('Instituicao266', 'hospital', 2, 266);
INSERT INTO instituicao VALUES('Instituicao267', 'hospital', 2, 267);
INSERT INTO instituicao VALUES('Instituicao268', 'hospital', 1, 268);
INSERT INTO instituicao VALUES('Instituicao269', 'hospital', 1, 269);
INSERT INTO instituicao VALUES('Instituicao270', 'hospital', 5, 270);
INSERT INTO instituicao VALUES('Instituicao271', 'hospital', 2, 271);
INSERT INTO instituicao VALUES('Instituicao272', 'hospital', 1, 272);
INSERT INTO instituicao VALUES('Instituicao273', 'hospital', 4, 273);
INSERT INTO instituicao VALUES('Instituicao274', 'farmacia', 1, 274);
INSERT INTO instituicao VALUES('Instituicao275', 'farmacia', 1, 275);
INSERT INTO instituicao VALUES('Instituicao276', 'farmacia', 2, 276);
INSERT INTO instituicao VALUES('Instituicao277', 'farmacia', 1, 277);
INSERT INTO instituicao VALUES('Instituicao278', 'farmacia', 2, 278);

 
/* ------- Medicos ------- */
INSERT INTO medico VALUES(789777, 'Medico1', 'Ortopedia');
INSERT INTO medico VALUES(938670, 'Medico2', 'Anestesiologia');
INSERT INTO medico VALUES(545279, 'Medico3', 'Cardiologia');
INSERT INTO medico VALUES(854142, 'Medico4', 'Endocrinologia');
INSERT INTO medico VALUES(934259, 'Medico5', 'Psicologia');
INSERT INTO medico VALUES(265395, 'Medico6', 'Acupuntura Medica');
INSERT INTO medico VALUES(454763, 'Medico7', 'Gastrenterologia');
INSERT INTO medico VALUES(397325, 'Medico8', 'Nutricao');
INSERT INTO medico VALUES(691851, 'Medico9', 'Radioterapia');
INSERT INTO medico VALUES(853647, 'Medico10', 'Medicina Dentaria');
INSERT INTO medico VALUES(698212, 'Medico11', 'Oftalmologia');
INSERT INTO medico VALUES(639294, 'Medico12', 'Clinica Geral');
INSERT INTO medico VALUES(166586, 'Medico13', 'Hematologia Clinica');
INSERT INTO medico VALUES(635097, 'Medico14', 'Otorrinolaringologia');
INSERT INTO medico VALUES(506490, 'Medico15', 'Infecciologia');
INSERT INTO medico VALUES(583914, 'Medico16', 'Medicina Estetica');
INSERT INTO medico VALUES(302899, 'Medico17', 'Reumatologia');
INSERT INTO medico VALUES(458541, 'Medico18', 'Estomatologia');
INSERT INTO medico VALUES(931013, 'Medico19', 'Pediatria');
INSERT INTO medico VALUES(396643, 'Medico20', 'Osteopatia');
INSERT INTO medico VALUES(414135, 'Medico21', 'Dermatologia');
INSERT INTO medico VALUES(749506, 'Medico22', 'Imagiologia');
INSERT INTO medico VALUES(202371, 'Medico23', 'Pneumologia');
INSERT INTO medico VALUES(460940, 'Medico24', 'Neurologia');
INSERT INTO medico VALUES(389146, 'Medico25', 'Psiquiatria');
INSERT INTO medico VALUES(303886, 'Medico26', 'Radioterapia');
INSERT INTO medico VALUES(525454, 'Medico27', 'Medicina Dentaria');
INSERT INTO medico VALUES(226528, 'Medico28', 'Pediatria');
INSERT INTO medico VALUES(579930, 'Medico29', 'Osteopatia');
INSERT INTO medico VALUES(633254, 'Medico30', 'Psiquiatria');
INSERT INTO medico VALUES(963314, 'Medico31', 'Reumatologia');
INSERT INTO medico VALUES(352840, 'Medico32', 'Neurologia');
INSERT INTO medico VALUES(290838, 'Medico33', 'Nutricao');
INSERT INTO medico VALUES(206664, 'Medico34', 'Oftalmologia');
INSERT INTO medico VALUES(535021, 'Medico35', 'Infecciologia');
INSERT INTO medico VALUES(161518, 'Medico36', 'Pneumologia');
INSERT INTO medico VALUES(469528, 'Medico37', 'Medicina Estetica');
INSERT INTO medico VALUES(446453, 'Medico38', 'Ortopedia');
INSERT INTO medico VALUES(773942, 'Medico39', 'Otorrinolaringologia');
INSERT INTO medico VALUES(336816, 'Medico40', 'Psicologia');
INSERT INTO medico VALUES(639535, 'Medico41', 'Anestesiologia');
INSERT INTO medico VALUES(449187, 'Medico42', 'Radioterapia');
INSERT INTO medico VALUES(740054, 'Medico43', 'Endocrinologia');
INSERT INTO medico VALUES(805961, 'Medico44', 'Acupuntura Medica');
INSERT INTO medico VALUES(471150, 'Medico45', 'Cardiologia');
INSERT INTO medico VALUES(827404, 'Medico46', 'Ortopedia');
INSERT INTO medico VALUES(721454, 'Medico47', 'Gastrenterologia');
INSERT INTO medico VALUES(951229, 'Medico48', 'Clinica Geral');
INSERT INTO medico VALUES(615901, 'Medico49', 'Psicologia');
INSERT INTO medico VALUES(465843, 'Medico50', 'Nutricao');
INSERT INTO medico VALUES(412701, 'Medico51', 'Medicina Dentaria');
INSERT INTO medico VALUES(669987, 'Medico52', 'Oftalmologia');
INSERT INTO medico VALUES(652226, 'Medico53', 'Anestesiologia');
INSERT INTO medico VALUES(256417, 'Medico54', 'Reumatologia');
INSERT INTO medico VALUES(867088, 'Medico55', 'Ortopedia');
INSERT INTO medico VALUES(713345, 'Medico56', 'Infecciologia');
INSERT INTO medico VALUES(950875, 'Medico57', 'Neurologia');
INSERT INTO medico VALUES(401872, 'Medico58', 'Radioterapia');
INSERT INTO medico VALUES(576493, 'Medico59', 'Ortopedia');
INSERT INTO medico VALUES(183036, 'Medico60', 'Psiquiatria');
INSERT INTO medico VALUES(650080, 'Medico61', 'Otorrinolaringologia');
INSERT INTO medico VALUES(766592, 'Medico62', 'Neurologia');
INSERT INTO medico VALUES(261100, 'Medico63', 'Cardiologia');
INSERT INTO medico VALUES(511517, 'Medico64', 'Endocrinologia');
INSERT INTO medico VALUES(429033, 'Medico65', 'Osteopatia');
INSERT INTO medico VALUES(815290, 'Medico66', 'Estomatologia');
INSERT INTO medico VALUES(522462, 'Medico67', 'Psiquiatria');
INSERT INTO medico VALUES(659713, 'Medico68', 'Osteopatia');
INSERT INTO medico VALUES(192689, 'Medico69', 'Psicologia');
INSERT INTO medico VALUES(734841, 'Medico70', 'Pneumologia');
INSERT INTO medico VALUES(398767, 'Medico71', 'Radioterapia');
INSERT INTO medico VALUES(441855, 'Medico72', 'Pneumologia');
INSERT INTO medico VALUES(820053, 'Medico73', 'Medicina Dentaria');
INSERT INTO medico VALUES(535897, 'Medico74', 'Medicina Estetica');
INSERT INTO medico VALUES(999055, 'Medico75', 'Acupuntura Medica');
INSERT INTO medico VALUES(393298, 'Medico76', 'Dermatologia');
INSERT INTO medico VALUES(807593, 'Medico77', 'Pediatria');
INSERT INTO medico VALUES(490113, 'Medico78', 'Nutricao');
INSERT INTO medico VALUES(921186, 'Medico79', 'Imagiologia');
INSERT INTO medico VALUES(337476, 'Medico80', 'Pediatria');
INSERT INTO medico VALUES(379624, 'Medico81', 'Oftalmologia');
INSERT INTO medico VALUES(394756, 'Medico82', 'Cardiologia');
INSERT INTO medico VALUES(411912, 'Medico83', 'Medicina Dentaria');
INSERT INTO medico VALUES(120554, 'Medico84', 'Cardiologia');
INSERT INTO medico VALUES(961883, 'Medico85', 'Oftalmologia');
INSERT INTO medico VALUES(609131, 'Medico86', 'Psiquiatria');
INSERT INTO medico VALUES(137660, 'Medico87', 'Pediatria');
INSERT INTO medico VALUES(787842, 'Medico88', 'Otorrinolaringologia');
INSERT INTO medico VALUES(486940, 'Medico89', 'Medicina Dentaria');
INSERT INTO medico VALUES(825206, 'Medico90', 'Clinica Geral');
INSERT INTO medico VALUES(233975, 'Medico91', 'Oftalmologia');
INSERT INTO medico VALUES(528286, 'Medico92', 'Clinica Geral');
INSERT INTO medico VALUES(416330, 'Medico93', 'Clinica Geral');
INSERT INTO medico VALUES(129962, 'Medico94', 'Medicina Dentaria');
INSERT INTO medico VALUES(597063, 'Medico95', 'Clinica Geral');
INSERT INTO medico VALUES(510993, 'Medico96', 'Clinica Geral');
INSERT INTO medico VALUES(760493, 'Medico97', 'Clinica Geral');
INSERT INTO medico VALUES(798022, 'Medico98', 'Clinica Geral');
INSERT INTO medico VALUES(336407, 'Medico99', 'Clinica Geral');
INSERT INTO medico VALUES(376124, 'Medico100', 'Clinica Geral');

/* ------- Consultas ------- */

INSERT INTO consulta VALUES(938670,735384871,'2019-12-02','Instituicao2');
INSERT INTO consulta VALUES(545279,963770902,'2020-02-27','Instituicao3');
INSERT INTO consulta VALUES(854142,854038952,'2020-03-17','Instituicao4');
INSERT INTO consulta VALUES(934259,447901900,'2019-11-25','Instituicao5');
INSERT INTO consulta VALUES(265395,811250996,'2020-03-26','Instituicao6');
INSERT INTO consulta VALUES(454763,330944425,'2020-06-29','Instituicao7');
INSERT INTO consulta VALUES(397325,780445952,'2020-01-13','Instituicao8');
INSERT INTO consulta VALUES(691851,878576203,'2019-08-15','Instituicao9');
INSERT INTO consulta VALUES(853647,101113226,'2020-05-28','Instituicao10');
INSERT INTO consulta VALUES(698212,112817825,'2019-12-04','Instituicao11');
INSERT INTO consulta VALUES(639294,594100826,'2020-03-16','Instituicao12');
INSERT INTO consulta VALUES(166586,412356075,'2020-05-04','Instituicao13');
INSERT INTO consulta VALUES(635097,584771070,'2019-02-11','Instituicao14');
INSERT INTO consulta VALUES(506490,377803412,'2019-04-16','Instituicao15');
INSERT INTO consulta VALUES(583914,904988764,'2019-06-03','Instituicao16');
INSERT INTO consulta VALUES(302899,845060187,'2019-10-28','Instituicao17');
INSERT INTO consulta VALUES(458541,244776027,'2019-07-31','Instituicao18');
INSERT INTO consulta VALUES(931013,694202715,'2019-03-15','Instituicao19');
INSERT INTO consulta VALUES(396643,502238459,'2020-05-18','Instituicao20');
INSERT INTO consulta VALUES(414135,160533289,'2020-04-30','Instituicao21');
INSERT INTO consulta VALUES(749506,112759432,'2019-03-29','Instituicao22');
INSERT INTO consulta VALUES(202371,407672095,'2020-08-03','Instituicao23');
INSERT INTO consulta VALUES(460940,356259321,'2019-03-28','Instituicao24');
INSERT INTO consulta VALUES(389146,935006640,'2019-01-23','Instituicao25');
INSERT INTO consulta VALUES(303886,846073195,'2019-03-05','Instituicao26');
INSERT INTO consulta VALUES(525454,119572845,'2019-05-06','Instituicao27');
INSERT INTO consulta VALUES(226528,241459967,'2019-10-10','Instituicao28');
INSERT INTO consulta VALUES(579930,221829321,'2019-07-11','Instituicao29');
INSERT INTO consulta VALUES(633254,150736084,'2019-12-04','Instituicao30');
INSERT INTO consulta VALUES(963314,784669291,'2019-03-19','Instituicao31');
INSERT INTO consulta VALUES(352840,216841773,'2019-09-25','Instituicao32');
INSERT INTO consulta VALUES(290838,518366844,'2020-04-22','Instituicao33');
INSERT INTO consulta VALUES(206664,549673497,'2020-09-11','Instituicao34');
INSERT INTO consulta VALUES(535021,692246601,'2019-07-15','Instituicao35');
INSERT INTO consulta VALUES(161518,282976848,'2020-07-16','Instituicao36');
INSERT INTO consulta VALUES(469528,299709811,'2019-12-23','Instituicao37');
INSERT INTO consulta VALUES(446453,438715507,'2019-05-15','Instituicao38');
INSERT INTO consulta VALUES(773942,548882783,'2019-03-05','Instituicao39');
INSERT INTO consulta VALUES(336816,688927341,'2019-05-08','Instituicao40');
INSERT INTO consulta VALUES(639535,880424882,'2019-10-22','Instituicao41');
INSERT INTO consulta VALUES(449187,113546287,'2020-05-11','Instituicao42');
INSERT INTO consulta VALUES(740054,803683010,'2019-07-25','Instituicao43');
INSERT INTO consulta VALUES(805961,485901794,'2020-11-10','Instituicao44');
INSERT INTO consulta VALUES(471150,461284843,'2020-03-13','Instituicao45');
INSERT INTO consulta VALUES(827404,575454802,'2019-09-23','Instituicao46');
INSERT INTO consulta VALUES(721454,630496082,'2019-11-01','Instituicao47');
INSERT INTO consulta VALUES(951229,325253041,'2019-05-29','Instituicao48');
INSERT INTO consulta VALUES(615901,264865847,'2020-09-21','Instituicao49');
INSERT INTO consulta VALUES(465843,338572279,'2019-05-27','Instituicao50');
INSERT INTO consulta VALUES(412701,795928873,'2019-12-18','Instituicao51');
INSERT INTO consulta VALUES(669987,510266155,'2020-01-28','Instituicao52');
INSERT INTO consulta VALUES(652226,467489216,'2019-12-16','Instituicao53');
INSERT INTO consulta VALUES(256417,789825252,'2019-10-30','Instituicao54');
INSERT INTO consulta VALUES(867088,798897714,'2019-03-27','Instituicao55');
INSERT INTO consulta VALUES(713345,306654380,'2020-02-20','Instituicao56');
INSERT INTO consulta VALUES(950875,321693285,'2019-02-06','Instituicao57');
INSERT INTO consulta VALUES(401872,388254216,'2019-02-26','Instituicao58');
INSERT INTO consulta VALUES(576493,341637455,'2019-08-23','Instituicao59');
INSERT INTO consulta VALUES(183036,239071856,'2020-02-07','Instituicao60');
INSERT INTO consulta VALUES(650080,888217683,'2020-06-09','Instituicao1');
INSERT INTO consulta VALUES(766592,397523155,'2019-07-02','Instituicao2');
INSERT INTO consulta VALUES(261100,705360442,'2020-02-05','Instituicao3');
INSERT INTO consulta VALUES(511517,812448569,'2020-03-20','Instituicao4');
INSERT INTO consulta VALUES(429033,780324678,'2019-11-18','Instituicao5');
INSERT INTO consulta VALUES(815290,747995216,'2019-02-18','Instituicao6');
INSERT INTO consulta VALUES(522462,202199631,'2019-06-04','Instituicao7');
INSERT INTO consulta VALUES(659713,856073521,'2019-02-28','Instituicao8');
INSERT INTO consulta VALUES(192689,569802633,'2019-07-05','Instituicao9');
INSERT INTO consulta VALUES(734841,600639866,'2020-01-31','Instituicao10');
INSERT INTO consulta VALUES(398767,472098898,'2020-05-25','Instituicao11');
INSERT INTO consulta VALUES(441855,691482258,'2019-08-16','Instituicao12');
INSERT INTO consulta VALUES(820053,395780080,'2020-03-20','Instituicao13');
INSERT INTO consulta VALUES(535897,639365510,'2019-11-26','Instituicao14');
INSERT INTO consulta VALUES(999055,889529815,'2020-05-18','Instituicao15');
INSERT INTO consulta VALUES(393298,563888720,'2020-08-05','Instituicao16');
INSERT INTO consulta VALUES(807593,156760468,'2020-11-05','Instituicao17');
INSERT INTO consulta VALUES(490113,749261785,'2020-05-18','Instituicao18');
INSERT INTO consulta VALUES(921186,361835297,'2019-03-29','Instituicao19');
INSERT INTO consulta VALUES(337476,541587794,'2020-08-28','Instituicao20');
INSERT INTO consulta VALUES(379624,443383386,'2020-10-13','Instituicao21');
INSERT INTO consulta VALUES(394756,651434580,'2019-12-25','Instituicao22');
INSERT INTO consulta VALUES(411912,990280201,'2019-05-13','Instituicao23');
INSERT INTO consulta VALUES(120554,355260867,'2019-01-16','Instituicao24');
INSERT INTO consulta VALUES(961883,410704192,'2019-04-16','Instituicao25');
INSERT INTO consulta VALUES(609131,697404214,'2020-02-20','Instituicao26');
INSERT INTO consulta VALUES(137660,680061335,'2019-03-04','Instituicao27');
INSERT INTO consulta VALUES(787842,967402931,'2020-03-05','Instituicao28');
INSERT INTO consulta VALUES(486940,715916837,'2019-02-13','Instituicao29');
INSERT INTO consulta VALUES(825206,606332181,'2020-09-25','Instituicao30');
INSERT INTO consulta VALUES(233975,948571462,'2019-08-09','Instituicao31');
INSERT INTO consulta VALUES(528286,296850446,'2020-01-09','Instituicao32');
INSERT INTO consulta VALUES(416330,120380285,'2019-03-25','Instituicao33');
INSERT INTO consulta VALUES(129962,253488140,'2020-08-07','Instituicao34');
INSERT INTO consulta VALUES(597063,824618074,'2020-09-01','Instituicao35');
INSERT INTO consulta VALUES(510993,249772508,'2019-08-12','Instituicao36');
INSERT INTO consulta VALUES(760493,255449553,'2020-07-30','Instituicao37');
INSERT INTO consulta VALUES(798022,397141412,'2019-02-11','Instituicao38');
INSERT INTO consulta VALUES(336407,744336089,'2019-01-15','Instituicao39');
INSERT INTO consulta VALUES(376124,675094251,'2020-07-21','Instituicao40');
INSERT INTO consulta VALUES(226528,502240138,'2020-05-05','Instituicao41');
INSERT INTO consulta VALUES(579930,345724497,'2019-12-24','Instituicao42');
INSERT INTO consulta VALUES(633254,893431256,'2019-01-16','Instituicao43');
INSERT INTO consulta VALUES(963314,462413483,'2019-02-20','Instituicao44');
INSERT INTO consulta VALUES(352840,743475117,'2020-02-25','Instituicao45');
INSERT INTO consulta VALUES(290838,634680321,'2019-11-12','Instituicao46');
INSERT INTO consulta VALUES(206664,796174042,'2020-04-21','Instituicao47');
INSERT INTO consulta VALUES(535021,355033633,'2020-04-08','Instituicao48');
INSERT INTO consulta VALUES(161518,182630613,'2020-08-05','Instituicao49');
INSERT INTO consulta VALUES(469528,342462609,'2020-01-06','Instituicao50');
INSERT INTO consulta VALUES(446453,325961366,'2020-01-17','Instituicao51');
INSERT INTO consulta VALUES(773942,839868251,'2019-12-25','Instituicao52');
INSERT INTO consulta VALUES(336816,507004461,'2020-03-20','Instituicao53');
INSERT INTO consulta VALUES(639535,292546522,'2020-10-30','Instituicao54');
INSERT INTO consulta VALUES(449187,661827678,'2020-01-03','Instituicao55');
INSERT INTO consulta VALUES(740054,366306570,'2019-01-04','Instituicao56');
INSERT INTO consulta VALUES(805961,258728762,'2020-09-10','Instituicao57');
INSERT INTO consulta VALUES(471150,285289835,'2019-09-26','Instituicao58');
INSERT INTO consulta VALUES(827404,130722220,'2020-02-25','Instituicao59');
INSERT INTO consulta VALUES(721454,619156164,'2019-09-02','Instituicao60');
INSERT INTO consulta VALUES(951229,613711696,'2020-11-20','Instituicao1');
INSERT INTO consulta VALUES(951229,269079329,'2020-11-20','Instituicao2');
INSERT INTO consulta VALUES(951229,962629402,'2020-11-20','Instituicao3');
INSERT INTO consulta VALUES(951229,582045471,'2020-11-20','Instituicao4');
INSERT INTO consulta VALUES(951229,121820763,'2020-11-20','Instituicao5');
INSERT INTO consulta VALUES(951229,172788032,'2020-11-20','Instituicao6');
INSERT INTO consulta VALUES(951229,949003404,'2020-11-20','Instituicao7');
INSERT INTO consulta VALUES(290838,290841480,'2020-05-14','Instituicao8');
INSERT INTO consulta VALUES(206664,670073478,'2019-04-08','Instituicao9');
INSERT INTO consulta VALUES(535021,856857675,'2019-03-25','Instituicao10');
INSERT INTO consulta VALUES(161518,758420944,'2020-01-02','Instituicao11');
INSERT INTO consulta VALUES(469528,328444376,'2019-12-02','Instituicao12');
INSERT INTO consulta VALUES(446453,298635110,'2020-09-14','Instituicao13');
INSERT INTO consulta VALUES(773942,922683617,'2020-10-27','Instituicao14');
INSERT INTO consulta VALUES(336816,114232517,'2019-11-14','Instituicao15');
INSERT INTO consulta VALUES(639535,129599793,'2020-02-06','Instituicao16');
INSERT INTO consulta VALUES(449187,757330245,'2019-02-05','Instituicao17');
INSERT INTO consulta VALUES(740054,961956133,'2019-06-25','Instituicao18');
INSERT INTO consulta VALUES(805961,590695279,'2020-06-29','Instituicao19');
INSERT INTO consulta VALUES(471150,690558807,'2020-09-04','Instituicao20');
INSERT INTO consulta VALUES(827404,941217503,'2020-04-10','Instituicao21');
INSERT INTO consulta VALUES(721454,342645476,'2020-07-10','Instituicao22');
INSERT INTO consulta VALUES(951229,950795877,'2020-09-08','Instituicao23');
INSERT INTO consulta VALUES(615901,605728785,'2020-04-20','Instituicao24');
INSERT INTO consulta VALUES(510993,537504775,'2019-07-04','Instituicao25');
INSERT INTO consulta VALUES(760493,148861263,'2019-04-26','Instituicao26');
INSERT INTO consulta VALUES(798022,442283126,'2019-01-25','Instituicao27');
INSERT INTO consulta VALUES(336407,857940559,'2019-11-26','Instituicao28');
INSERT INTO consulta VALUES(376124,860138398,'2019-05-20','Instituicao29');
INSERT INTO consulta VALUES(510993,822321610,'2020-04-21','Instituicao30');
INSERT INTO consulta VALUES(760493,458814316,'2019-03-15','Instituicao31');
INSERT INTO consulta VALUES(798022,233159337,'2020-01-10','Instituicao32');
INSERT INTO consulta VALUES(336407,452744833,'2019-06-04','Instituicao33');
INSERT INTO consulta VALUES(376124,537214542,'2019-12-31','Instituicao34');
INSERT INTO consulta VALUES(510993,508127166,'2020-08-17','Instituicao35');
INSERT INTO consulta VALUES(760493,532092733,'2020-11-03','Instituicao36');
INSERT INTO consulta VALUES(798022,804121186,'2019-09-20','Instituicao37');
INSERT INTO consulta VALUES(336407,860183671,'2020-07-07','Instituicao38');
INSERT INTO consulta VALUES(376124,195417384,'2020-08-18','Instituicao39');
INSERT INTO consulta VALUES(376124,934122047,'2020-09-24','Instituicao40');
INSERT INTO consulta VALUES(226528,339538102,'2019-09-23','Instituicao41');
INSERT INTO consulta VALUES(579930,251154472,'2019-03-19','Instituicao42');
INSERT INTO consulta VALUES(633254,442641761,'2019-06-14','Instituicao43');
INSERT INTO consulta VALUES(963314,930976120,'2020-10-08','Instituicao44');
INSERT INTO consulta VALUES(352840,872489573,'2019-07-22','Instituicao45');
INSERT INTO consulta VALUES(290838,845666961,'2019-12-13','Instituicao46');
INSERT INTO consulta VALUES(206664,857367702,'2019-03-11','Instituicao47');
INSERT INTO consulta VALUES(535021,976098209,'2020-05-11','Instituicao48');
INSERT INTO consulta VALUES(535021,2,'2020-11-19','Instituicao1');
INSERT INTO consulta VALUES(535021,3,'2020-11-20','Instituicao2');
INSERT INTO consulta VALUES(535021,4,'2020-12-02','Instituicao3');
INSERT INTO consulta VALUES(535021,5,'2020-12-03','Instituicao4');
INSERT INTO consulta VALUES(535021,6,'2020-11-23','Instituicao5');
INSERT INTO consulta VALUES(535021,7,'2020-11-24','Instituicao6');
INSERT INTO consulta VALUES(535021,8,'2020-11-25','Instituicao7');
INSERT INTO consulta VALUES(535021,9,'2020-11-26','Instituicao33');
INSERT INTO consulta VALUES(535021,10,'2020-11-27','Instituicao48');
INSERT INTO consulta VALUES(535021,11,'2020-11-30','Instituicao48');
INSERT INTO consulta VALUES(535021,12,'2020-12-01','Instituicao48');
INSERT INTO consulta VALUES(535021,13,'2020-11-19', 'Instituicao48');
INSERT INTO consulta VALUES(951229,613711696,'2020-01-17','Instituicao1');
INSERT INTO consulta VALUES(615901,269079329,'2020-10-05','Instituicao2');
INSERT INTO consulta VALUES(226528,962629402,'2019-10-18','Instituicao3');
INSERT INTO consulta VALUES(579930,582045471,'2019-11-08','Instituicao4');
INSERT INTO consulta VALUES(633254,121820763,'2019-12-03','Instituicao5');
INSERT INTO consulta VALUES(963314,172788032,'2019-01-23','Instituicao6');
INSERT INTO consulta VALUES(352840,949003404,'2019-07-19','Instituicao7');
INSERT INTO consulta VALUES(789777,450928713,'2020-08-04', 'Instituicao1');


/* ------- prescricoes ------- */
INSERT INTO prescricao VALUES(938670,735384871,'2019-12-02','aspirina',3);
INSERT INTO prescricao VALUES(545279,963770902,'2020-02-27','aspirina',1);
INSERT INTO prescricao VALUES(854142,854038952,'2020-03-17','aspirina',5);
INSERT INTO prescricao VALUES(934259,447901900,'2019-11-25','aspirina',4);
INSERT INTO prescricao VALUES(265395,811250996,'2020-03-26','aspirina',2);
INSERT INTO prescricao VALUES(454763,330944425,'2020-06-29','aspirina',2);
INSERT INTO prescricao VALUES(397325,780445952,'2020-01-13','aspirina',1);
INSERT INTO prescricao VALUES(691851,878576203,'2019-08-15','aspirina',4);
INSERT INTO prescricao VALUES(853647,101113226,'2020-05-28','aspirina',3);
INSERT INTO prescricao VALUES(698212,112817825,'2019-12-04','aspirina',3);
INSERT INTO prescricao VALUES(639294,594100826,'2020-03-16','aspirina',3);
INSERT INTO prescricao VALUES(166586,412356075,'2020-05-04','aspirina',5);
INSERT INTO prescricao VALUES(635097,584771070,'2019-02-11','aspirina',5);
INSERT INTO prescricao VALUES(506490,377803412,'2019-04-16','aspirina',5);
INSERT INTO prescricao VALUES(583914,904988764,'2019-06-03','aspirina',1);
INSERT INTO prescricao VALUES(302899,845060187,'2019-10-28','aspirina',4);
INSERT INTO prescricao VALUES(458541,244776027,'2019-07-31','aspirina',2);
INSERT INTO prescricao VALUES(931013,694202715,'2019-03-15','aspirina',4);
INSERT INTO prescricao VALUES(396643,502238459,'2020-05-18','aspirina',3);
INSERT INTO prescricao VALUES(414135,160533289,'2020-04-30','aspirina',3);
INSERT INTO prescricao VALUES(749506,112759432,'2019-03-29','aspirina',1);
INSERT INTO prescricao VALUES(749506,112759432,'2019-03-29','Paracetamol',1);
INSERT INTO prescricao VALUES(202371,407672095,'2020-08-03','aspirina',1);
INSERT INTO prescricao VALUES(460940,356259321,'2019-03-28','aspirina',2);
INSERT INTO prescricao VALUES(389146,935006640,'2019-01-23','aspirina',3);
INSERT INTO prescricao VALUES(303886,846073195,'2019-03-05','aspirina',3);
INSERT INTO prescricao VALUES(525454,119572845,'2019-05-06','aspirina',5);
INSERT INTO prescricao VALUES(226528,241459967,'2019-10-10','aspirina',2);
INSERT INTO prescricao VALUES(579930,221829321,'2019-07-11','aspirina',4);
INSERT INTO prescricao VALUES(633254,150736084,'2019-12-04','aspirina',5);
INSERT INTO prescricao VALUES(963314,784669291,'2019-03-19','Paracetamol',4);
INSERT INTO prescricao VALUES(352840,216841773,'2019-09-25','Paracetamol',1);
INSERT INTO prescricao VALUES(290838,518366844,'2020-04-22','Paracetamol',4);
INSERT INTO prescricao VALUES(206664,549673497,'2020-09-11','Paracetamol',3);
INSERT INTO prescricao VALUES(535021,692246601,'2019-07-15','Paracetamol',5);
INSERT INTO prescricao VALUES(161518,282976848,'2020-07-16','Paracetamol',3);
INSERT INTO prescricao VALUES(469528,299709811,'2019-12-23','Ibuprofeno',2);
INSERT INTO prescricao VALUES(446453,438715507,'2019-05-15','Ibuprofeno',3);
INSERT INTO prescricao VALUES(773942,548882783,'2019-03-05','Ibuprofeno',4);
INSERT INTO prescricao VALUES(336816,688927341,'2019-05-08','Ibuprofeno',3);
INSERT INTO prescricao VALUES(639535,880424882,'2019-10-22','Ibuprofeno',5);
INSERT INTO prescricao VALUES(449187,113546287,'2020-05-11','Ibuprofeno',1);
INSERT INTO prescricao VALUES(740054,803683010,'2019-07-25','Ibuprofeno',5);
INSERT INTO prescricao VALUES(805961,485901794,'2020-11-10','Ibuprofeno',4);
INSERT INTO prescricao VALUES(471150,461284843,'2020-03-13','Ibuprofeno',1);
INSERT INTO prescricao VALUES(827404,575454802,'2019-09-23','Ibuprofeno',3);
INSERT INTO prescricao VALUES(721454,630496082,'2019-11-01','Ibuprofeno',3);
INSERT INTO prescricao VALUES(951229,325253041,'2019-05-29','Ibuprofeno',4);
INSERT INTO prescricao VALUES(615901,264865847,'2020-09-21','Ibuprofeno',1);
INSERT INTO prescricao VALUES(465843,338572279,'2019-05-27','Amineptina',3);
INSERT INTO prescricao VALUES(412701,795928873,'2019-12-18','Amineptina',2);
INSERT INTO prescricao VALUES(669987,510266155,'2020-01-28','Amineptina',3);
INSERT INTO prescricao VALUES(652226,467489216,'2019-12-16','Amineptina',4);
INSERT INTO prescricao VALUES(256417,789825252,'2019-10-30','Amineptina',4);
INSERT INTO prescricao VALUES(867088,798897714,'2019-03-27','Amineptina',4);
INSERT INTO prescricao VALUES(713345,306654380,'2020-02-20','Amineptina',3);
INSERT INTO prescricao VALUES(950875,321693285,'2019-02-06','Amineptina',3);
INSERT INTO prescricao VALUES(401872,388254216,'2019-02-26','Amineptina',5);
INSERT INTO prescricao VALUES(576493,341637455,'2019-08-23','Amineptina',3);
INSERT INTO prescricao VALUES(183036,239071856,'2020-02-07','Amineptina',3);
INSERT INTO prescricao VALUES(650080,888217683,'2020-06-09','Amineptina',5);
INSERT INTO prescricao VALUES(766592,397523155,'2019-07-02','Amineptina',5);
INSERT INTO prescricao VALUES(261100,705360442,'2020-02-05','Amineptina',5);
INSERT INTO prescricao VALUES(511517,812448569,'2020-03-20','Amineptina',4);
INSERT INTO prescricao VALUES(429033,780324678,'2019-11-18','Penicilina',1);
INSERT INTO prescricao VALUES(815290,747995216,'2019-02-18','Penicilina',1);
INSERT INTO prescricao VALUES(522462,202199631,'2019-06-04','Penicilina',1);
INSERT INTO prescricao VALUES(659713,856073521,'2019-02-28','Penicilina',2);
INSERT INTO prescricao VALUES(192689,569802633,'2019-07-05','Penicilina',5);
INSERT INTO prescricao VALUES(734841,600639866,'2020-01-31','aspirina',1);
INSERT INTO prescricao VALUES(398767,472098898,'2020-05-25','aspirina',1);
INSERT INTO prescricao VALUES(441855,691482258,'2019-08-16','aspirina',3);
INSERT INTO prescricao VALUES(820053,395780080,'2020-03-20','aspirina',5);
INSERT INTO prescricao VALUES(535897,639365510,'2019-11-26','aspirina',1);
INSERT INTO prescricao VALUES(999055,889529815,'2020-05-18','aspirina',4);
INSERT INTO prescricao VALUES(393298,563888720,'2020-08-05','aspirina',1);
INSERT INTO prescricao VALUES(807593,156760468,'2020-11-05','aspirina',3);
INSERT INTO prescricao VALUES(490113,749261785,'2020-05-18','Penicilina',5);
INSERT INTO prescricao VALUES(921186,361835297,'2019-03-29','Penicilina',3);
INSERT INTO prescricao VALUES(337476,541587794,'2020-08-28','Penicilina',2);
INSERT INTO prescricao VALUES(379624,443383386,'2020-10-13','Penicilina',1);
INSERT INTO prescricao VALUES(394756,651434580,'2019-12-25','Penicilina',5);
INSERT INTO prescricao VALUES(411912,990280201,'2019-05-13','Ibuprofeno',4);
INSERT INTO prescricao VALUES(120554,355260867,'2019-01-16','Ibuprofeno',2);
INSERT INTO prescricao VALUES(961883,410704192,'2019-04-16','Ibuprofeno',4);
INSERT INTO prescricao VALUES(609131,697404214,'2020-02-20','Ibuprofeno',1);
INSERT INTO prescricao VALUES(137660,680061335,'2019-03-04','Ibuprofeno',3);
INSERT INTO prescricao VALUES(787842,967402931,'2020-03-05','Ibuprofeno',2);
INSERT INTO prescricao VALUES(486940,715916837,'2019-02-13','Calcio',2);
INSERT INTO prescricao VALUES(825206,606332181,'2020-09-25','Calcio',5);
INSERT INTO prescricao VALUES(233975,948571462,'2019-08-09','Calcio',5);
INSERT INTO prescricao VALUES(528286,296850446,'2020-01-09','Calcio',2);
INSERT INTO prescricao VALUES(416330,120380285,'2019-03-25','Calcio',2);
INSERT INTO prescricao VALUES(129962,253488140,'2020-08-07','Calcio',2);
INSERT INTO prescricao VALUES(597063,824618074,'2020-09-01','Calcio',2);
INSERT INTO prescricao VALUES(510993,249772508,'2019-08-12','Calcio',5);
INSERT INTO prescricao VALUES(760493,255449553,'2020-07-30','Calcio',3);
INSERT INTO prescricao VALUES(798022,397141412,'2019-02-11','Calcio',4);
INSERT INTO prescricao VALUES(336407,744336089,'2019-01-15','Calcio',1);
INSERT INTO prescricao VALUES(376124,675094251,'2020-07-21','Calcio',2);
INSERT INTO prescricao VALUES(226528,502240138,'2020-05-05','Calcio',2);
INSERT INTO prescricao VALUES(579930,345724497,'2019-12-24','Amineptina',2);
INSERT INTO prescricao VALUES(633254,893431256,'2019-01-16','Amineptina',4);
INSERT INTO prescricao VALUES(963314,462413483,'2019-02-20','Amineptina',3);
INSERT INTO prescricao VALUES(352840,743475117,'2020-02-25','Amineptina',1);
INSERT INTO prescricao VALUES(290838,634680321,'2019-11-12','Amineptina',3);
INSERT INTO prescricao VALUES(206664,796174042,'2020-04-21','Amineptina',1);
INSERT INTO prescricao VALUES(535021,355033633,'2020-04-08','Amineptina',1);
INSERT INTO prescricao VALUES(161518,182630613,'2020-08-05','Amineptina',1);
INSERT INTO prescricao VALUES(469528,342462609,'2020-01-06','Amineptina',1);
INSERT INTO prescricao VALUES(446453,325961366,'2020-01-17','Amineptina',3);
INSERT INTO prescricao VALUES(773942,839868251,'2019-12-25','Amineptina',2);
INSERT INTO prescricao VALUES(336816,507004461,'2020-03-20','Amineptina',5);
INSERT INTO prescricao VALUES(639535,292546522,'2020-10-30','Amineptina',1);
INSERT INTO prescricao VALUES(449187,661827678,'2020-01-03','Amineptina',4);
INSERT INTO prescricao VALUES(740054,366306570,'2019-01-04','Amineptina',3);
INSERT INTO prescricao VALUES(805961,258728762,'2020-09-10','Paracetamol',5);
INSERT INTO prescricao VALUES(471150,285289835,'2019-09-26','Paracetamol',5);
INSERT INTO prescricao VALUES(827404,130722220,'2020-02-25','Paracetamol',4);
INSERT INTO prescricao VALUES(721454,619156164,'2019-09-02','Paracetamol',2);
INSERT INTO prescricao VALUES(951229,613711696,'2020-01-17','Paracetamol',2);
INSERT INTO prescricao VALUES(615901,269079329,'2020-10-05','Paracetamol',3);
INSERT INTO prescricao VALUES(226528,962629402,'2019-10-18','Paracetamol',4);
INSERT INTO prescricao VALUES(579930,582045471,'2019-11-08','Paracetamol',5);
INSERT INTO prescricao VALUES(633254,121820763,'2019-12-03','Paracetamol',2);
INSERT INTO prescricao VALUES(963314,172788032,'2019-01-23','Paracetamol',3);
INSERT INTO prescricao VALUES(352840,949003404,'2019-07-19','Paracetamol',2);
INSERT INTO prescricao VALUES(290838,290841480,'2020-05-14','Paracetamol',2);
INSERT INTO prescricao VALUES(206664,670073478,'2019-04-08','Paracetamol',4);
INSERT INTO prescricao VALUES(535021,856857675,'2019-03-25','Paracetamol',1);
INSERT INTO prescricao VALUES(161518,758420944,'2020-01-02','Paracetamol',5);
INSERT INTO prescricao VALUES(469528,328444376,'2019-12-02','Paracetamol',4);
INSERT INTO prescricao VALUES(446453,298635110,'2020-09-14','Vidarabina',4);
INSERT INTO prescricao VALUES(773942,922683617,'2020-10-27','Vidarabina',2);
INSERT INTO prescricao VALUES(336816,114232517,'2019-11-14','Vidarabina',2);
INSERT INTO prescricao VALUES(639535,129599793,'2020-02-06','Vidarabina',3);
INSERT INTO prescricao VALUES(449187,757330245,'2019-02-05','Vidarabina',3);
INSERT INTO prescricao VALUES(740054,961956133,'2019-06-25','Vidarabina',1);
INSERT INTO prescricao VALUES(805961,590695279,'2020-06-29','Vidarabina',1);
INSERT INTO prescricao VALUES(471150,690558807,'2020-09-04','Vidarabina',2);
INSERT INTO prescricao VALUES(827404,941217503,'2020-04-10','Paracetamol',2);
INSERT INTO prescricao VALUES(721454,342645476,'2020-07-10','Paracetamol',1);
INSERT INTO prescricao VALUES(951229,950795877,'2020-09-08','Paracetamol',5);
INSERT INTO prescricao VALUES(615901,605728785,'2020-04-20','Paracetamol',3);
INSERT INTO prescricao VALUES(510993,537504775,'2019-07-04','Paracetamol',4);
INSERT INTO prescricao VALUES(760493,148861263,'2019-04-26','Paracetamol',4);
INSERT INTO prescricao VALUES(798022,442283126,'2019-01-25','Penicilina',5);
INSERT INTO prescricao VALUES(336407,857940559,'2019-11-26','Penicilina',1);
INSERT INTO prescricao VALUES(376124,860138398,'2019-05-20','Penicilina',3);
INSERT INTO prescricao VALUES(510993,822321610,'2020-04-21','Penicilina',5);
INSERT INTO prescricao VALUES(760493,458814316,'2019-03-15','Penicilina',1);
INSERT INTO prescricao VALUES(798022,233159337,'2020-01-10','Alprazolam',5);
INSERT INTO prescricao VALUES(336407,452744833,'2019-06-04','Alprazolam',1);
INSERT INTO prescricao VALUES(376124,537214542,'2019-12-31','Alprazolam',2);
INSERT INTO prescricao VALUES(510993,508127166,'2020-08-17','Alprazolam',4);
INSERT INTO prescricao VALUES(760493,532092733,'2020-11-03','Alprazolam',1);
INSERT INTO prescricao VALUES(798022,804121186,'2019-09-20','Alprazolam',5);
INSERT INTO prescricao VALUES(336407,860183671,'2020-07-07','Alprazolam',3);
INSERT INTO prescricao VALUES(376124,195417384,'2020-08-18','Alprazolam',5);
INSERT INTO prescricao VALUES(376124,934122047,'2020-09-24','Alprazolam',4);
INSERT INTO prescricao VALUES(226528,339538102,'2019-09-23','Alprazolam',1);
INSERT INTO prescricao VALUES(579930,251154472,'2019-03-19','Alprazolam',1);
INSERT INTO prescricao VALUES(633254,442641761,'2019-06-14','Alprazolam',4);
INSERT INTO prescricao VALUES(963314,930976120,'2020-10-08','Alprazolam',2);
INSERT INTO prescricao VALUES(352840,872489573,'2019-07-22','Alprazolam',3);
INSERT INTO prescricao VALUES(290838,845666961,'2019-12-13','Quinapril',3);
INSERT INTO prescricao VALUES(206664,857367702,'2019-03-11','Quinapril',5);
INSERT INTO prescricao VALUES(535021,976098209,'2020-05-11','Quinapril',2);
INSERT INTO prescricao VALUES(535021,2,'2020-11-19','aspirina', 1);
INSERT INTO prescricao VALUES(535021,3,'2020-11-20','aspirina', 1);
INSERT INTO prescricao VALUES(535021,4,'2020-12-02','aspirina', 1);
INSERT INTO prescricao VALUES(535021,5,'2020-12-03','aspirina', 1);
INSERT INTO prescricao VALUES(535021,6,'2020-11-23','aspirina', 1);
INSERT INTO prescricao VALUES(535021,7,'2020-11-24','aspirina', 1);
INSERT INTO prescricao VALUES(535021,8,'2020-11-25','aspirina', 1);
INSERT INTO prescricao VALUES(535021,9,'2020-11-26','aspirina', 1);
INSERT INTO prescricao VALUES(535021,13,'2020-11-19','Amineptina',2);
INSERT INTO prescricao VALUES(951229,613711696,'2020-11-20','aspirina',1);
INSERT INTO prescricao VALUES(951229,269079329,'2020-11-20','aspirina',1);
INSERT INTO prescricao VALUES(951229,962629402,'2020-11-20','aspirina',1);
INSERT INTO prescricao VALUES(951229,582045471,'2020-11-20','aspirina',1);
INSERT INTO prescricao VALUES(951229,121820763,'2020-11-20','aspirina',1);
INSERT INTO prescricao VALUES(951229,172788032,'2020-11-20','aspirina',1);
INSERT INTO prescricao VALUES(951229,949003404,'2020-11-20','aspirina',1);
INSERT INTO prescricao VALUES(789777,450928713,'2020-08-04','aspirina',1);

/* ------- analises ------- */

INSERT INTO analise VALUES(2361,'Ortopedia',789777,450928713,'2020-08-04','2020-08-08','glicemia',176,'Instituicao1');
INSERT INTO analise VALUES(7112,'Anestesiologia',938670,735384871,'2019-12-02','2019-12-08','colestrol',98,'Instituicao2');
INSERT INTO analise VALUES(4296,'Cardiologia',545279,963770902,'2020-02-27','2020-03-11','colestrol',37,'Instituicao3');
INSERT INTO analise VALUES(3836,'Endocrinologia',854142,854038952,'2020-03-17','2020-03-21','colestrol',292,'Instituicao4');
INSERT INTO analise VALUES(8009,'Psicologia',934259,447901900,'2019-11-25','2019-12-03','colestrol',8,'Instituicao5');
INSERT INTO analise VALUES(7531,'Acupuntura Medica',265395,811250996,'2020-03-26','2020-03-27','acido urico',248,'Instituicao6');
INSERT INTO analise VALUES(5437,'Gastrenterologia',454763,330944425,'2020-06-29','2020-07-12','acido urico',260,'Instituicao7');
INSERT INTO analise VALUES(8355,'Nutricao',397325,780445952,'2020-01-13','2020-01-23','acido urico',23,'Instituicao8');
INSERT INTO analise VALUES(1861,'Radioterapia',691851,878576203,'2019-08-15','2019-08-19','acido urico',67,'Instituicao9');
INSERT INTO analise VALUES(7106,'Medicina Dentaria',853647,101113226,'2020-05-28','2020-06-02','eritrocitos',97,'Instituicao10');
INSERT INTO analise VALUES(9269,'Oftalmologia',698212,112817825,'2019-12-04','2019-12-15','eritrocitos',129,'Instituicao11');
INSERT INTO analise VALUES(3113,'Clinica Geral',639294,594100826,'2020-03-16','2020-03-27','eritrocitos',146,'Instituicao12');
INSERT INTO analise VALUES(8698,'Hematologia Clinica',166586,412356075,'2020-05-04','2020-05-14','eritrocitos',259,'Instituicao13');
INSERT INTO analise VALUES(8070,'Otorrinolaringologia',635097,584771070,'2019-02-11','2019-02-21','eritrocitos',191,'Instituicao14');
INSERT INTO analise VALUES(5984,'Infecciologia',506490,377803412,'2019-04-16','2019-04-26','eritrocitos',236,'Instituicao15');
INSERT INTO analise VALUES(6673,'Medicina Estetica',583914,904988764,'2019-06-03','2019-06-15','eritrocitos',214,'Instituicao16');
INSERT INTO analise VALUES(7524,'Reumatologia',302899,845060187,'2019-10-28','2019-11-06','eritrocitos',285,'Instituicao17');
INSERT INTO analise VALUES(1377,'Estomatologia',458541,244776027,'2019-07-31','2019-08-01','eritrocitos',95,'Instituicao18');
INSERT INTO analise VALUES(6972,'Pediatria',931013,694202715,'2019-03-15','2019-03-15','eritrocitos',258,'Instituicao19');
INSERT INTO analise VALUES(1459,'Osteopatia',396643,502238459,'2020-05-18','2020-05-23','glicemia',252,'Instituicao20');
INSERT INTO analise VALUES(3994,'Dermatologia',414135,160533289,'2020-04-30','2020-05-15','glicemia',292,'Instituicao21');
INSERT INTO analise VALUES(4080,'Imagiologia',749506,112759432,'2019-03-29','2019-04-08','acido urico',212,'Instituicao22');
INSERT INTO analise VALUES(3665,'Pneumologia',202371,407672095,'2020-08-03','2020-08-13','acido urico',208,'Instituicao23');
INSERT INTO analise VALUES(4017,'Neurologia',460940,356259321,'2019-03-28','2019-04-09','acido urico',40,'Instituicao24');
INSERT INTO analise VALUES(1220,'Psiquiatria',389146,935006640,'2019-01-23','2019-02-02','glicemia',81,'Instituicao25');
INSERT INTO analise VALUES(6302,'Radioterapia',303886,846073195,'2019-03-05','2019-03-17','glicemia',266,'Instituicao26');
INSERT INTO analise VALUES(8071,'Medicina Dentaria',525454,119572845,'2019-05-06','2019-05-07','leucocitos',264,'Instituicao27');
INSERT INTO analise VALUES(4863,'Pediatria',226528,241459967,'2019-10-10','2019-10-22','leucocitos',170,'Instituicao28');
INSERT INTO analise VALUES(4927,'Osteopatia',579930,221829321,'2019-07-11','2019-07-21','leucocitos',209,'Instituicao29');
INSERT INTO analise VALUES(8880,'Psiquiatria',633254,150736084,'2019-12-04','2019-12-18','leucocitos',279,'Instituicao30');
INSERT INTO analise VALUES(7880,'Reumatologia',963314,784669291,'2019-03-19','2019-03-25','leucocitos',192,'Instituicao31');
INSERT INTO analise VALUES(4120,'Neurologia',352840,216841773,'2019-09-25','2019-10-02','leucocitos',224,'Instituicao32');
INSERT INTO analise VALUES(2171,'Nutricao',290838,518366844,'2020-04-22','2020-04-22','leucocitos',128,'Instituicao33');
INSERT INTO analise VALUES(8203,'Oftalmologia',206664,549673497,'2020-09-11','2020-09-25','leucocitos',111,'Instituicao34');
INSERT INTO analise VALUES(8693,'Infecciologia',535021,692246601,'2019-07-15','2019-07-23','leucocitos',180,'Instituicao35');
INSERT INTO analise VALUES(3912,'Pneumologia',161518,282976848,'2020-07-16','2020-07-23','leucocitos',17,'Instituicao36');
INSERT INTO analise VALUES(8761,'Medicina Estetica',469528,299709811,'2019-12-23','2019-12-23','leucocitos',222,'Instituicao37');
INSERT INTO analise VALUES(7920,'Ortopedia',446453,438715507,'2019-05-15','2019-05-20','leucocitos',89,'Instituicao38');
INSERT INTO analise VALUES(6535,'Otorrinolaringologia',773942,548882783,'2019-03-05','2019-03-07','acido urico',42,'Instituicao39');
INSERT INTO analise VALUES(5307,'Psicologia',336816,688927341,'2019-05-08','2019-05-09','acido urico',271,'Instituicao40');
INSERT INTO analise VALUES(5409,'Anestesiologia',639535,880424882,'2019-10-22','2019-10-24','acido urico',279,'Instituicao41');
INSERT INTO analise VALUES(3304,'Radioterapia',449187,113546287,'2020-05-11','2020-05-26','leucocitos',247,'Instituicao42');
INSERT INTO analise VALUES(8591,'Endocrinologia',740054,803683010,'2019-07-25','2019-08-03','leucocitos',47,'Instituicao43');
INSERT INTO analise VALUES(7741,'Acupuntura Medica',805961,485901794,'2020-11-10','2020-11-13','leucocitos',255,'Instituicao44');
INSERT INTO analise VALUES(7014,'Cardiologia',471150,461284843,'2020-03-13','2020-03-23','leucocitos',68,'Instituicao45');
INSERT INTO analise VALUES(8419,'Ortopedia',827404,575454802,'2019-09-23','2019-09-29','leucocitos',172,'Instituicao46');
INSERT INTO analise VALUES(9474,'Gastrenterologia',721454,630496082,'2019-11-01','2019-11-04','leucocitos',20,'Instituicao47');
INSERT INTO analise VALUES(2893,'Clinica Geral',951229,325253041,'2019-05-29','2019-05-30','colestrol',19,'Instituicao48');
INSERT INTO analise VALUES(4328,'Psicologia',615901,264865847,'2020-09-21','2020-09-28','colestrol',119,'Instituicao49');
INSERT INTO analise VALUES(6751,'Nutricao',465843,338572279,'2019-05-27','2019-06-05','colestrol',263,'Instituicao50');
INSERT INTO analise VALUES(2391,'Medicina Dentaria',412701,795928873,'2019-12-18','2019-12-31','glicemia',144,'Instituicao51');
INSERT INTO analise VALUES(5806,'Oftalmologia',669987,510266155,'2020-01-28','2020-02-09','glicemia',69,'Instituicao52');
INSERT INTO analise VALUES(5639,'Anestesiologia',652226,467489216,'2019-12-16','2019-12-19','glicemia',106,'Instituicao53');
INSERT INTO analise VALUES(3425,'Reumatologia',256417,789825252,'2019-10-30','2019-11-03','plaquetas',29,'Instituicao54');
INSERT INTO analise VALUES(4472,'Ortopedia',867088,798897714,'2019-03-27','2019-04-09','plaquetas',289,'Instituicao55');
INSERT INTO analise VALUES(9100,'Infecciologia',713345,306654380,'2020-02-20','2020-03-04','plaquetas',198,'Instituicao56');
INSERT INTO analise VALUES(5870,'Neurologia',950875,321693285,'2019-02-06','2019-02-06','plaquetas',125,'Instituicao57');
INSERT INTO analise VALUES(8724,'Radioterapia',401872,388254216,'2019-02-26','2019-03-08','plaquetas',130,'Instituicao58');
INSERT INTO analise VALUES(8508,'Ortopedia',576493,341637455,'2019-08-23','2019-08-23','plaquetas',197,'Instituicao59');
INSERT INTO analise VALUES(9053,'Psiquiatria',183036,239071856,'2020-02-07','2020-02-21','plaquetas',286,'Instituicao60');
INSERT INTO analise VALUES(3504,'Otorrinolaringologia',650080,888217683,'2020-06-09','2020-06-18','plaquetas',171,'Instituicao1');
INSERT INTO analise VALUES(8769,'Neurologia',766592,397523155,'2019-07-02','2019-07-13','plaquetas',33,'Instituicao2');
INSERT INTO analise VALUES(5621,'Cardiologia',261100,705360442,'2020-02-05','2020-02-09','colestrol',98,'Instituicao3');
INSERT INTO analise VALUES(5990,'Endocrinologia',511517,812448569,'2020-03-20','2020-04-03','colestrol',142,'Instituicao4');
INSERT INTO analise VALUES(2675,'Osteopatia',429033,780324678,'2019-11-18','2019-11-29','colestrol',101,'Instituicao5');
INSERT INTO analise VALUES(4042,'Estomatologia',815290,747995216,'2019-02-18','2019-02-25','colestrol',94,'Instituicao6');
INSERT INTO analise VALUES(1851,'Psiquiatria',522462,202199631,'2019-06-04','2019-06-07','acido urico',7,'Instituicao7');
INSERT INTO analise VALUES(8805,'Osteopatia',659713,856073521,'2019-02-28','2019-03-09','acido urico',151,'Instituicao8');
INSERT INTO analise VALUES(9368,'Psicologia',192689,569802633,'2019-07-05','2019-07-19','acido urico',172,'Instituicao9');
INSERT INTO analise VALUES(5188,'Pneumologia',734841,600639866,'2020-01-31','2020-02-06','acido urico',14,'Instituicao10');
INSERT INTO analise VALUES(6173,'Radioterapia',398767,472098898,'2020-05-25','2020-06-07','acido urico',239,'Instituicao11');
INSERT INTO analise VALUES(9851,'Pneumologia',441855,691482258,'2019-08-16','2019-08-16','acido urico',0,'Instituicao12');
INSERT INTO analise VALUES(8895,'Medicina Dentaria',820053,395780080,'2020-03-20','2020-03-31','glicemia',23,'Instituicao13');
INSERT INTO analise VALUES(7047,'Medicina Estetica',535897,639365510,'2019-11-26','2019-11-26','glicemia',163,'Instituicao14');
INSERT INTO analise VALUES(3641,'Acupuntura Medica',999055,889529815,'2020-05-18','2020-05-23','glicemia',103,'Instituicao15');
INSERT INTO analise VALUES(2573,'Dermatologia',393298,563888720,'2020-08-05','2020-08-11','glicemia',237,'Instituicao16');
INSERT INTO analise VALUES(1500,'Pediatria',807593,156760468,'2020-11-05','2020-11-06','glicemia',170,'Instituicao17');
INSERT INTO analise VALUES(1485,'Nutricao',490113,749261785,'2020-05-18','2020-05-29','glicemia',268,'Instituicao18');
INSERT INTO analise VALUES(7787,'Imagiologia',921186,361835297,'2019-03-29','2019-04-08','acido urico',276,'Instituicao19');
INSERT INTO analise VALUES(6502,'Pediatria',337476,541587794,'2020-08-28','2020-09-12','acido urico',146,'Instituicao20');
INSERT INTO analise VALUES(5208,'Oftalmologia',379624,443383386,'2020-10-13','2020-10-18','acido urico',215,'Instituicao21');
INSERT INTO analise VALUES(7132,'Cardiologia',394756,651434580,'2019-12-25','2020-01-04','acido urico',51,'Instituicao22');
INSERT INTO analise VALUES(7577,'Medicina Dentaria',411912,990280201,'2019-05-13','2019-05-28','plaquetas',12,'Instituicao23');
INSERT INTO analise VALUES(2524,'Cardiologia',120554,355260867,'2019-01-16','2019-01-27','plaquetas',253,'Instituicao24');
INSERT INTO analise VALUES(8132,'Oftalmologia',961883,410704192,'2019-04-16','2019-04-18','plaquetas',206,'Instituicao25');
INSERT INTO analise VALUES(8083,'Psiquiatria',609131,697404214,'2020-02-20','2020-03-06','plaquetas',78,'Instituicao26');
INSERT INTO analise VALUES(4248,'Pediatria',137660,680061335,'2019-03-04','2019-03-18','plaquetas',52,'Instituicao27');
INSERT INTO analise VALUES(2193,'Otorrinolaringologia',787842,967402931,'2020-03-05','2020-03-20','plaquetas',290,'Instituicao28');
INSERT INTO analise VALUES(6700,'Medicina Dentaria',486940,715916837,'2019-02-13','2019-02-22','plaquetas',189,'Instituicao29');
INSERT INTO analise VALUES(5583,'Clinica Geral',825206,606332181,'2020-09-25','2020-10-07','colestrol',258,'Instituicao30');
INSERT INTO analise VALUES(4718,'Oftalmologia',233975,948571462,'2019-08-09','2019-08-22','colestrol',219,'Instituicao31');
INSERT INTO analise VALUES(4748,'Clinica Geral',528286,296850446,'2020-01-09','2020-01-11','colestrol',164,'Instituicao32');
INSERT INTO analise VALUES(6418,'Clinica Geral',416330,120380285,'2019-03-25','2019-03-28','colestrol',188,'Instituicao33');
INSERT INTO analise VALUES(1440,'Medicina Dentaria',129962,253488140,'2020-08-07','2020-08-14','hemoglobina',1,'Instituicao34');
INSERT INTO analise VALUES(6004,'Clinica Geral',597063,824618074,'2020-09-01','2020-09-10','hemoglobina',129,'Instituicao35');
INSERT INTO analise VALUES(2561,'Clinica Geral',510993,249772508,'2019-08-12','2019-08-18','hemoglobina',59,'Instituicao36');
INSERT INTO analise VALUES(6655,'Clinica Geral',760493,255449553,'2020-07-30','2020-08-14','hemoglobina',291,'Instituicao37');
INSERT INTO analise VALUES(7225,'Clinica Geral',798022,397141412,'2019-02-11','2019-02-23','hemoglobina',80,'Instituicao38');
INSERT INTO analise VALUES(6731,'Clinica Geral',336407,744336089,'2019-01-15','2019-01-24','hemoglobina',82,'Instituicao39');
INSERT INTO analise VALUES(1193,'Clinica Geral',376124,675094251,'2020-07-21','2020-07-24','hemoglobina',287,'Instituicao40');
INSERT INTO analise VALUES(4174,'Pediatria',226528,502240138,'2020-05-05','2020-05-18','hemoglobina',35,'Instituicao41');
INSERT INTO analise VALUES(9872,'Osteopatia',579930,345724497,'2019-12-24','2019-12-28','hemoglobina',149,'Instituicao42');
INSERT INTO analise VALUES(3498,'Psiquiatria',633254,893431256,'2019-01-16','2019-01-27','glicemia',145,'Instituicao43');
INSERT INTO analise VALUES(2221,'Reumatologia',963314,462413483,'2019-02-20','2019-02-26','glicemia',194,'Instituicao44');
INSERT INTO analise VALUES(7432,'Neurologia',352840,743475117,'2020-02-25','2020-03-02','glicemia',172,'Instituicao45');
INSERT INTO analise VALUES(8253,'Nutricao',290838,634680321,'2019-11-12','2019-11-19','glicemia',13,'Instituicao46');
INSERT INTO analise VALUES(7144,'Oftalmologia',206664,796174042,'2020-04-21','2020-04-23','glicemia',186,'Instituicao47');
INSERT INTO analise VALUES(3294,'Infecciologia',535021,355033633,'2020-04-08','2020-04-15','glicemia',20,'Instituicao48');
INSERT INTO analise VALUES(9672,'Pneumologia',161518,182630613,'2020-08-05','2020-08-18','glicemia',262,'Instituicao49');
INSERT INTO analise VALUES(7489,'Medicina Estetica',469528,342462609,'2020-01-06','2020-01-14','glicemia',191,'Instituicao50');
INSERT INTO analise VALUES(9980,'Ortopedia',446453,325961366,'2020-01-17','2020-01-28','colestrol',84,'Instituicao51');
INSERT INTO analise VALUES(3792,'Otorrinolaringologia',773942,839868251,'2019-12-25','2020-01-05','colestrol',282,'Instituicao52');
INSERT INTO analise VALUES(5013,'Psicologia',336816,507004461,'2020-03-20','2020-03-27','colestrol',58,'Instituicao53');
INSERT INTO analise VALUES(3938,'Anestesiologia',639535,292546522,'2020-10-30','2020-11-05','colestrol',73,'Instituicao54');
INSERT INTO analise VALUES(8218,'Radioterapia',449187,661827678,'2020-01-03','2020-01-04','colestrol',189,'Instituicao55');
INSERT INTO analise VALUES(3806,'Endocrinologia',740054,366306570,'2019-01-04','2019-01-14','creatinina',198,'Instituicao56');
INSERT INTO analise VALUES(3706,'Acupuntura Medica',805961,258728762,'2020-09-10','2020-09-20','creatinina',136,'Instituicao57');
INSERT INTO analise VALUES(4116,'Cardiologia',471150,285289835,'2019-09-26','2019-10-06','creatinina',124,'Instituicao58');
INSERT INTO analise VALUES(7278,'Ortopedia',827404,130722220,'2020-02-25','2020-03-02','creatinina',119,'Instituicao59');
INSERT INTO analise VALUES(3132,'Gastrenterologia',721454,619156164,'2019-09-02','2019-09-16','colestrol',104,'Instituicao60');
INSERT INTO analise VALUES(2219,'Clinica Geral',951229,613711696,'2020-01-17','2020-01-19','colestrol',9,'Instituicao1');
INSERT INTO analise VALUES(3664,'Psicologia',615901,269079329,'2020-10-05','2020-10-18','glicemia',47,'Instituicao2');
INSERT INTO analise VALUES(8570,'Pediatria',226528,962629402,'2019-10-18','2019-10-29','glicemia',74,'Instituicao3');
INSERT INTO analise VALUES(3514,'Osteopatia',579930,582045471,'2019-11-08','2019-11-19','glicemia',261,'Instituicao4');
INSERT INTO analise VALUES(8200,'Psiquiatria',633254,121820763,'2019-12-03','2019-12-14','glicemia',37,'Instituicao5');
INSERT INTO analise VALUES(4590,'Reumatologia',963314,172788032,'2019-01-23','2019-02-05','glicemia',39,'Instituicao6');
INSERT INTO analise VALUES(9806,'Neurologia',352840,949003404,'2019-07-19','2019-07-19','glicemia',74,'Instituicao7');
INSERT INTO analise VALUES(7678,'Nutricao',290838,290841480,'2020-05-14','2020-05-20','glicemia',154,'Instituicao8');
INSERT INTO analise VALUES(5245,'Oftalmologia',206664,670073478,'2019-04-08','2019-04-08','glicemia',217,'Instituicao9');
INSERT INTO analise VALUES(5035,'Infecciologia',535021,856857675,'2019-03-25','2019-04-08','eritrocitos',91,'Instituicao10');
INSERT INTO analise VALUES(1370,'Pneumologia',161518,758420944,'2020-01-02','2020-01-13','eritrocitos',230,'Instituicao11');
INSERT INTO analise VALUES(5824,'Medicina Estetica',469528,328444376,'2019-12-02','2019-12-06','eritrocitos',106,'Instituicao12');
INSERT INTO analise VALUES(9310,'Ortopedia',446453,298635110,'2020-09-14','2020-09-26','eritrocitos',115,'Instituicao13');
INSERT INTO analise VALUES(1904,'Otorrinolaringologia',773942,922683617,'2020-10-27','2020-10-27','eritrocitos',191,'Instituicao14');
INSERT INTO analise VALUES(5983,'Psicologia',336816,114232517,'2019-11-14','2019-11-26','eritrocitos',9,'Instituicao15');
INSERT INTO analise VALUES(6687,'Anestesiologia',639535,129599793,'2020-02-06','2020-02-15','eritrocitos',45,'Instituicao16');
INSERT INTO analise VALUES(9952,'Radioterapia',449187,757330245,'2019-02-05','2019-02-09','acido urico',11,'Instituicao17');
INSERT INTO analise VALUES(3813,'Endocrinologia',740054,961956133,'2019-06-25','2019-07-03','acido urico',26,'Instituicao18');
INSERT INTO analise VALUES(4649,'Acupuntura Medica',805961,590695279,'2020-06-29','2020-07-05','acido urico',109,'Instituicao19');
INSERT INTO analise VALUES(9233,'Cardiologia',471150,690558807,'2020-09-04','2020-09-17','acido urico',120,'Instituicao20');
INSERT INTO analise VALUES(4034,'Ortopedia',827404,941217503,'2020-04-10','2020-04-10','acido urico',268,'Instituicao21');
INSERT INTO analise VALUES(4294,'Gastrenterologia',721454,342645476,'2020-07-10','2020-07-21','acido urico',118,'Instituicao22');
INSERT INTO analise VALUES(7303,'Clinica Geral',951229,950795877,'2020-09-08','2020-09-19','glicemia',88,'Instituicao23');
INSERT INTO analise VALUES(2542,'Psicologia',615901,605728785,'2020-04-20','2020-04-29','glicemia',181,'Instituicao24');
INSERT INTO analise VALUES(3281,'Clinica Geral',510993,537504775,'2019-07-04','2019-07-07','glicemia',175,'Instituicao25');
INSERT INTO analise VALUES(4410,'Clinica Geral',760493,148861263,'2019-04-26','2019-05-07','glicemia',270,'Instituicao26');
INSERT INTO analise VALUES(9985,'Clinica Geral',798022,442283126,'2019-01-25','2019-01-31','glicemia',47,'Instituicao27');
INSERT INTO analise VALUES(4101,'Clinica Geral',336407,857940559,'2019-11-26','2019-11-30','glicemia',163,'Instituicao28');
INSERT INTO analise VALUES(9323,'Clinica Geral',376124,860138398,'2019-05-20','2019-06-04','glicemia',50,'Instituicao29');
INSERT INTO analise VALUES(6333,'Clinica Geral',510993,822321610,'2020-04-21','2020-04-22','glicemia',217,'Instituicao30');
INSERT INTO analise VALUES(8496,'Clinica Geral',760493,458814316,'2019-03-15','2019-03-15','acido urico',182,'Instituicao31');
INSERT INTO analise VALUES(5696,'Clinica Geral',798022,233159337,'2020-01-10','2020-01-22','acido urico',37,'Instituicao32');
INSERT INTO analise VALUES(9518,'Clinica Geral',336407,452744833,'2019-06-04','2019-06-16','acido urico',73,'Instituicao33');
INSERT INTO analise VALUES(9385,'Clinica Geral',376124,537214542,'2019-12-31','2020-01-09','acido urico',27,'Instituicao34');
INSERT INTO analise VALUES(4624,'Clinica Geral',510993,508127166,'2020-08-17','2020-08-25','colestrol',219,'Instituicao35');
INSERT INTO analise VALUES(8375,'Clinica Geral',760493,532092733,'2020-11-03','2020-11-12','hemoglobina',284,'Instituicao36');
INSERT INTO analise VALUES(6491,'Clinica Geral',798022,804121186,'2019-09-20','2019-10-04','hemoglobina',113,'Instituicao37');
INSERT INTO analise VALUES(9495,'Clinica Geral',336407,860183671,'2020-07-07','2020-07-14','hemoglobina',75,'Instituicao38');
INSERT INTO analise VALUES(6435,'Clinica Geral',376124,195417384,'2020-08-18','2020-09-02','hemoglobina',198,'Instituicao39');
INSERT INTO analise VALUES(7902,'Clinica Geral',376124,934122047,'2020-09-24','2020-10-05','hemoglobina',243,'Instituicao40');
INSERT INTO analise VALUES(5921,'Pediatria',226528,339538102,'2019-09-23','2019-10-02','hemoglobina',300,'Instituicao41');
INSERT INTO analise VALUES(9429,'Osteopatia',579930,251154472,'2019-03-19','2019-03-27','hemoglobina',62,'Instituicao42');
INSERT INTO analise VALUES(6847,'Psiquiatria',633254,442641761,'2019-06-14','2019-06-28','hemoglobina',82,'Instituicao43');
INSERT INTO analise VALUES(8016,'Reumatologia',963314,930976120,'2020-10-08','2020-10-09','hemoglobina',279,'Instituicao44');
INSERT INTO analise VALUES(4596,'Neurologia',352840,872489573,'2019-07-22','2019-07-31','glicemia',132,'Instituicao45');
INSERT INTO analise VALUES(1385,'Nutricao',290838,845666961,'2019-12-13','2019-12-17','glicemia',242,'Instituicao46');
INSERT INTO analise VALUES(4795,'Oftalmologia',206664,857367702,'2019-03-11','2019-03-14','glicemia',137,'Instituicao47');
INSERT INTO analise VALUES(3805,'Infecciologia',535021,976098209,'2020-05-11','2020-05-15','glicemia',219,'Instituicao48');
INSERT INTO analise VALUES(3866,'Infecciologia',535021,13,'2020-11-19','2020-11-19','glicemia',219,'Instituicao48');

/* ------- vendas farmacia ------- */
INSERT INTO venda_farmacia VALUES(8078, '2019-03-26', 'Ibuprofeno', 1, 2, 'Instituicao1');
INSERT INTO venda_farmacia VALUES(5251, '2020-02-16', 'Ibuprofeno', 3, 6, 'Instituicao2');
INSERT INTO venda_farmacia VALUES(6441, '2020-08-10', 'Ibuprofeno', 4, 8, 'Instituicao3');
INSERT INTO venda_farmacia VALUES(2032, '2020-11-15', 'Ibuprofeno', 1, 2, 'Instituicao4');
INSERT INTO venda_farmacia VALUES(6512, '2020-01-27', 'Ibuprofeno', 3, 6, 'Instituicao5');
INSERT INTO venda_farmacia VALUES(3088, '2019-12-26', 'Ibuprofeno', 4, 8, 'Instituicao6');
INSERT INTO venda_farmacia VALUES(5117, '2020-10-10', 'Ibuprofeno', 3, 6, 'Instituicao7');
INSERT INTO venda_farmacia VALUES(3657, '2020-03-13', 'Ibuprofeno', 3, 6, 'Instituicao8');
INSERT INTO venda_farmacia VALUES(2757, '2020-02-11', 'Ibuprofeno', 1, 2, 'Instituicao9');
INSERT INTO venda_farmacia VALUES(2566, '2020-11-02', 'Ibuprofeno', 4, 8, 'Instituicao10');
INSERT INTO venda_farmacia VALUES(8669, '2019-09-10', 'Ibuprofeno', 5, 10, 'Instituicao11');
INSERT INTO venda_farmacia VALUES(1614, '2020-03-09', 'Ibuprofeno', 4, 8, 'Instituicao12');
INSERT INTO venda_farmacia VALUES(8449, '2020-05-29', 'Ibuprofeno', 2, 4, 'Instituicao13');
INSERT INTO venda_farmacia VALUES(6477, '2019-11-06', 'Ibuprofeno', 3, 6, 'Instituicao14');
INSERT INTO venda_farmacia VALUES(7592, '2020-11-19', 'Ibuprofeno', 1, 2, 'Instituicao15');
INSERT INTO venda_farmacia VALUES(1077, '2019-02-27', 'Ibuprofeno', 3, 6, 'Instituicao16');
INSERT INTO venda_farmacia VALUES(7126, '2019-03-28', 'Ibuprofeno', 5, 10, 'Instituicao17');
INSERT INTO venda_farmacia VALUES(6213, '2019-04-28', 'Ibuprofeno', 2, 4, 'Instituicao18');
INSERT INTO venda_farmacia VALUES(9719, '2020-06-09', 'Ibuprofeno', 2, 4, 'Instituicao19');
INSERT INTO venda_farmacia VALUES(7676, '2019-09-14', 'Ibuprofeno', 1, 2, 'Instituicao20');
INSERT INTO venda_farmacia VALUES(1888, '2020-07-11', 'Ibuprofeno', 4, 8, 'Instituicao21');
INSERT INTO venda_farmacia VALUES(5430, '2019-07-14', 'Ibuprofeno', 5, 10, 'Instituicao22');
INSERT INTO venda_farmacia VALUES(5605, '2019-03-11', 'Ibuprofeno', 2, 4, 'Instituicao23');
INSERT INTO venda_farmacia VALUES(1408, '2020-11-06', 'Ibuprofeno', 1, 2, 'Instituicao24');
INSERT INTO venda_farmacia VALUES(5237, '2020-05-30', 'Calcio', 3, 15, 'Instituicao25');
INSERT INTO venda_farmacia VALUES(2389, '2020-06-29', 'Calcio', 1, 5, 'Instituicao26');
INSERT INTO venda_farmacia VALUES(2585, '2019-12-15', 'Calcio', 1, 5, 'Instituicao27');
INSERT INTO venda_farmacia VALUES(6832, '2020-05-14', 'Calcio', 5, 25, 'Instituicao28');
INSERT INTO venda_farmacia VALUES(3017, '2019-01-10', 'Calcio', 1, 5, 'Instituicao29');
INSERT INTO venda_farmacia VALUES(6093, '2019-09-03', 'Calcio', 3, 15, 'Instituicao30');
INSERT INTO venda_farmacia VALUES(8359, '2020-04-16', 'Calcio', 5, 25, 'Instituicao31');
INSERT INTO venda_farmacia VALUES(3031, '2019-05-19', 'Calcio', 5, 25, 'Instituicao32');
INSERT INTO venda_farmacia VALUES(4360, '2020-03-14', 'aspirina', 5, 20, 'Instituicao33');
INSERT INTO venda_farmacia VALUES(6825, '2019-02-22', 'Calcio', 5, 25, 'Instituicao34');
INSERT INTO venda_farmacia VALUES(3791, '2019-06-07', 'Calcio', 2, 10, 'Instituicao35');
INSERT INTO venda_farmacia VALUES(9647, '2019-11-04', 'Calcio', 1, 5, 'Instituicao36');
INSERT INTO venda_farmacia VALUES(6707, '2020-03-13', 'Calcio', 2, 10, 'Instituicao37');
INSERT INTO venda_farmacia VALUES(6207, '2019-09-25', 'Calcio', 5, 25, 'Instituicao38');
INSERT INTO venda_farmacia VALUES(1946, '2019-10-21', 'Calcio', 1, 5, 'Instituicao39');
INSERT INTO venda_farmacia VALUES(1001, '2020-10-17', 'Calcio', 3, 15, 'Instituicao40');
INSERT INTO venda_farmacia VALUES(6001, '2019-02-17', 'Calcio', 1, 5, 'Instituicao41');
INSERT INTO venda_farmacia VALUES(6813, '2020-03-04', 'Calcio', 5, 25, 'Instituicao42');
INSERT INTO venda_farmacia VALUES(7891, '2019-04-09', 'Calcio', 4, 20, 'Instituicao43');
INSERT INTO venda_farmacia VALUES(1831, '2019-05-22', 'Calcio', 1, 5, 'Instituicao44');
INSERT INTO venda_farmacia VALUES(6286, '2019-09-16', 'Calcio', 3, 15, 'Instituicao45');
INSERT INTO venda_farmacia VALUES(7548, '2019-11-14', 'Calcio', 3, 15, 'Instituicao46');
INSERT INTO venda_farmacia VALUES(7724, '2020-01-26', 'Calcio', 4, 20, 'Instituicao47');
INSERT INTO venda_farmacia VALUES(9689, '2020-09-19', 'Calcio', 4, 20, 'Instituicao48');
INSERT INTO venda_farmacia VALUES(7315, '2019-03-14', 'Testosterona', 4, 36, 'Instituicao49');
INSERT INTO venda_farmacia VALUES(2902, '2020-01-19', 'Testosterona', 4, 36, 'Instituicao50');
INSERT INTO venda_farmacia VALUES(7190, '2019-01-23', 'Testosterona', 4, 36, 'Instituicao51');
INSERT INTO venda_farmacia VALUES(3883, '2020-07-25', 'Testosterona', 1, 9, 'Instituicao52');
INSERT INTO venda_farmacia VALUES(1413, '2019-09-11', 'Amineptina', 1, 15, 'Instituicao53');
INSERT INTO venda_farmacia VALUES(7702, '2020-06-10', 'Amineptina', 1, 15, 'Instituicao1');
INSERT INTO venda_farmacia VALUES(7858, '2020-06-01', 'Amineptina', 1, 15, 'Instituicao2');
INSERT INTO venda_farmacia VALUES(2605, '2019-04-16', 'Amineptina', 3, 45, 'Instituicao3');
INSERT INTO venda_farmacia VALUES(8907, '2019-03-25', 'Amineptina', 2, 30, 'Instituicao4');
INSERT INTO venda_farmacia VALUES(5321, '2019-12-10', 'Amineptina', 3, 45, 'Instituicao5');
INSERT INTO venda_farmacia VALUES(2713, '2020-11-23', 'Amineptina', 4, 60, 'Instituicao6');
INSERT INTO venda_farmacia VALUES(4972, '2020-09-30', 'Amineptina', 3, 45, 'Instituicao7');
INSERT INTO venda_farmacia VALUES(6423, '2020-04-17', 'Amineptina', 4, 60, 'Instituicao8');
INSERT INTO venda_farmacia VALUES(4321, '2019-05-08', 'Paracetamol', 4, 12, 'Instituicao9');
INSERT INTO venda_farmacia VALUES(4125, '2019-11-15', 'Paracetamol', 4, 12, 'Instituicao10');
INSERT INTO venda_farmacia VALUES(7310, '2020-04-30', 'Paracetamol', 5, 15, 'Instituicao11');
INSERT INTO venda_farmacia VALUES(1565, '2019-06-10', 'Paracetamol', 5, 15, 'Instituicao12');
INSERT INTO venda_farmacia VALUES(5336, '2019-04-07', 'Paracetamol', 5, 15, 'Instituicao13');
INSERT INTO venda_farmacia VALUES(7199, '2020-10-11', 'Paracetamol', 1, 3, 'Instituicao14');
INSERT INTO venda_farmacia VALUES(1922, '2020-11-09', 'Paracetamol', 4, 12, 'Instituicao15');
INSERT INTO venda_farmacia VALUES(6498, '2019-04-11', 'Paracetamol', 5, 15, 'Instituicao16');
INSERT INTO venda_farmacia VALUES(1361, '2019-08-05', 'Paracetamol', 4, 12, 'Instituicao17');
INSERT INTO venda_farmacia VALUES(5043, '2019-05-09', 'Paracetamol', 2, 6, 'Instituicao18');
INSERT INTO venda_farmacia VALUES(6050, '2019-10-15', 'Paracetamol', 4, 12, 'Instituicao19');
INSERT INTO venda_farmacia VALUES(1457, '2020-05-12', 'Paracetamol', 2, 6, 'Instituicao20');
INSERT INTO venda_farmacia VALUES(1286, '2020-05-06', 'Paracetamol', 5, 15, 'Instituicao21');
INSERT INTO venda_farmacia VALUES(9515, '2020-04-22', 'Paracetamol', 1, 3, 'Instituicao22');
INSERT INTO venda_farmacia VALUES(9152, '2020-07-16', 'Paracetamol', 4, 12, 'Instituicao23');
INSERT INTO venda_farmacia VALUES(1953, '2020-09-01', 'Paracetamol', 2, 6, 'Instituicao24');
INSERT INTO venda_farmacia VALUES(9717, '2019-11-23', 'Paracetamol', 4, 12, 'Instituicao25');
INSERT INTO venda_farmacia VALUES(8338, '2019-12-18', 'Paracetamol', 5, 15, 'Instituicao26');
INSERT INTO venda_farmacia VALUES(1257, '2019-02-14', 'Paracetamol', 3, 9, 'Instituicao27');
INSERT INTO venda_farmacia VALUES(8495, '2020-11-15', 'Paracetamol', 2, 6, 'Instituicao28');
INSERT INTO venda_farmacia VALUES(2441, '2019-10-01', 'Paracetamol', 5, 15, 'Instituicao29');
INSERT INTO venda_farmacia VALUES(1582, '2019-09-10', 'Paracetamol', 1, 3, 'Instituicao30');
INSERT INTO venda_farmacia VALUES(7092, '2019-11-06', 'Paracetamol', 4, 12, 'Instituicao31');
INSERT INTO venda_farmacia VALUES(5795, '2020-08-08', 'Paracetamol', 1, 3, 'Instituicao32');
INSERT INTO venda_farmacia VALUES(2345, '2019-07-24', 'aspirina', 3, 12, 'Instituicao33');
INSERT INTO venda_farmacia VALUES(9035, '2019-07-26', 'Alprazolam', 4, 40, 'Instituicao34');
INSERT INTO venda_farmacia VALUES(5362, '2019-05-07', 'Alprazolam', 3, 30, 'Instituicao35');
INSERT INTO venda_farmacia VALUES(3928, '2019-11-07', 'Alprazolam', 4, 40, 'Instituicao36');
INSERT INTO venda_farmacia VALUES(9514, '2020-05-07', 'Alprazolam', 5, 50, 'Instituicao37');
INSERT INTO venda_farmacia VALUES(4070, '2019-11-11', 'Alprazolam', 3, 30, 'Instituicao38');
INSERT INTO venda_farmacia VALUES(4226, '2019-02-22', 'Alprazolam', 3, 30, 'Instituicao39');
INSERT INTO venda_farmacia VALUES(7168, '2020-03-02', 'Alprazolam', 3, 30, 'Instituicao40');
INSERT INTO venda_farmacia VALUES(8893, '2019-05-27', 'Alprazolam', 4, 40, 'Instituicao41');
INSERT INTO venda_farmacia VALUES(7181, '2019-05-30', 'Quinapril', 1, 6, 'Instituicao42');
INSERT INTO venda_farmacia VALUES(8984, '2019-08-08', 'Quinapril', 5, 30, 'Instituicao43');
INSERT INTO venda_farmacia VALUES(8652, '2019-02-26', 'Quinapril', 5, 30, 'Instituicao44');
INSERT INTO venda_farmacia VALUES(9246, '2020-07-14', 'Quinapril', 3, 18, 'Instituicao45');
INSERT INTO venda_farmacia VALUES(7850, '2019-07-09', 'Quinapril', 4, 24, 'Instituicao46');
INSERT INTO venda_farmacia VALUES(2213, '2020-01-02', 'Quinapril', 3, 18, 'Instituicao47');
INSERT INTO venda_farmacia VALUES(3585, '2020-04-07', 'Quinapril', 1, 6, 'Instituicao48');
INSERT INTO venda_farmacia VALUES(6872, '2019-05-03', 'Quinapril', 1, 6, 'Instituicao49');
INSERT INTO venda_farmacia VALUES(4179, '2019-10-12', 'Quinapril', 1, 6, 'Instituicao50');
INSERT INTO venda_farmacia VALUES(9062, '2020-06-04', 'Quinapril', 3, 18, 'Instituicao51');
INSERT INTO venda_farmacia VALUES(5634, '2019-04-05', 'Quinapril', 2, 12, 'Instituicao52');
INSERT INTO venda_farmacia VALUES(3536, '2020-01-06', 'Quinapril', 4, 24, 'Instituicao53');
INSERT INTO venda_farmacia VALUES(3671, '2019-10-29', 'Quinapril', 2, 12, 'Instituicao1');
INSERT INTO venda_farmacia VALUES(2646, '2019-10-26', 'Quinapril', 1, 6, 'Instituicao2');
INSERT INTO venda_farmacia VALUES(7715, '2020-04-03', 'Quinapril', 4, 24, 'Instituicao3');
INSERT INTO venda_farmacia VALUES(6994, '2019-11-24', 'Penicilina', 5, 20, 'Instituicao4');
INSERT INTO venda_farmacia VALUES(3020, '2019-09-30', 'Penicilina', 4, 16, 'Instituicao5');
INSERT INTO venda_farmacia VALUES(3126, '2019-09-21', 'Penicilina', 2, 8, 'Instituicao6');
INSERT INTO venda_farmacia VALUES(6933, '2020-10-02', 'Penicilina', 1, 4, 'Instituicao7');
INSERT INTO venda_farmacia VALUES(3271, '2019-01-19', 'Penicilina', 3, 12, 'Instituicao8');
INSERT INTO venda_farmacia VALUES(2333, '2019-08-17', 'Penicilina', 4, 16, 'Instituicao9');
INSERT INTO venda_farmacia VALUES(6982, '2020-06-07', 'Penicilina', 4, 16, 'Instituicao10');
INSERT INTO venda_farmacia VALUES(7505, '2019-11-08', 'Penicilina', 5, 20, 'Instituicao11');
INSERT INTO venda_farmacia VALUES(2093, '2019-05-23', 'Penicilina', 5, 20, 'Instituicao12');
INSERT INTO venda_farmacia VALUES(4538, '2019-06-30', 'Penicilina', 4, 16, 'Instituicao13');
INSERT INTO venda_farmacia VALUES(4604, '2020-04-01', 'Penicilina', 3, 12, 'Instituicao14');
INSERT INTO venda_farmacia VALUES(5803, '2020-08-20', 'Penicilina', 4, 16, 'Instituicao15');
INSERT INTO venda_farmacia VALUES(3000, '2020-10-14', 'Penicilina', 5, 20, 'Instituicao16');
INSERT INTO venda_farmacia VALUES(3393, '2019-11-18', 'Penicilina', 4, 16, 'Instituicao17');
INSERT INTO venda_farmacia VALUES(3423, '2020-05-11', 'Penicilina', 5, 20, 'Instituicao18');
INSERT INTO venda_farmacia VALUES(4875, '2019-12-24', 'Penicilina', 3, 12, 'Instituicao19');
INSERT INTO venda_farmacia VALUES(9550, '2019-02-22', 'Penicilina', 4, 16, 'Instituicao20');
INSERT INTO venda_farmacia VALUES(8833, '2019-05-13', 'Penicilina', 3, 12, 'Instituicao21');
INSERT INTO venda_farmacia VALUES(1519, '2019-01-22', 'Penicilina', 5, 20, 'Instituicao22');
INSERT INTO venda_farmacia VALUES(6160, '2019-07-07', 'Penicilina', 1, 4, 'Instituicao23');
INSERT INTO venda_farmacia VALUES(5319, '2020-08-26', 'Penicilina', 2, 8, 'Instituicao24');
INSERT INTO venda_farmacia VALUES(8333, '2020-05-31', 'Penicilina', 5, 20, 'Instituicao25');
INSERT INTO venda_farmacia VALUES(7877, '2019-01-03', 'Penicilina', 2, 8, 'Instituicao26');
INSERT INTO venda_farmacia VALUES(2281, '2020-04-24', 'Penicilina', 3, 12, 'Instituicao27');
INSERT INTO venda_farmacia VALUES(9108, '2019-11-16', 'Penicilina', 3, 12, 'Instituicao28');
INSERT INTO venda_farmacia VALUES(8455, '2020-11-14', 'Penicilina', 1, 4, 'Instituicao29');
INSERT INTO venda_farmacia VALUES(6012, '2019-08-02', 'Penicilina', 5, 20, 'Instituicao30');
INSERT INTO venda_farmacia VALUES(9059, '2020-03-29', 'Penicilina', 1, 4, 'Instituicao31');
INSERT INTO venda_farmacia VALUES(3687, '2020-10-24', 'Penicilina', 5, 20, 'Instituicao32');
INSERT INTO venda_farmacia VALUES(7004, '2019-03-30', 'aspirina', 1, 4, 'Instituicao33');
INSERT INTO venda_farmacia VALUES(1688, '2020-07-19', 'aspirina', 3, 12, 'Instituicao34');
INSERT INTO venda_farmacia VALUES(1501, '2019-04-21', 'aspirina', 1, 4, 'Instituicao35');
INSERT INTO venda_farmacia VALUES(3219, '2019-09-08', 'aspirina', 2, 8, 'Instituicao36');
INSERT INTO venda_farmacia VALUES(8408, '2019-02-21', 'aspirina', 1, 4, 'Instituicao37');
INSERT INTO venda_farmacia VALUES(4831, '2019-12-15', 'aspirina', 2, 8, 'Instituicao38');
INSERT INTO venda_farmacia VALUES(4507, '2020-08-01', 'aspirina', 2, 8, 'Instituicao39');
INSERT INTO venda_farmacia VALUES(5436, '2020-08-15', 'aspirina', 3, 12, 'Instituicao40');
INSERT INTO venda_farmacia VALUES(2132, '2019-03-26', 'aspirina', 4, 16, 'Instituicao41');
INSERT INTO venda_farmacia VALUES(9253, '2019-12-16', 'aspirina', 4, 16, 'Instituicao42');
INSERT INTO venda_farmacia VALUES(4638, '2020-08-11', 'aspirina', 1, 4, 'Instituicao43');
INSERT INTO venda_farmacia VALUES(6951, '2020-10-09', 'aspirina', 2, 8, 'Instituicao44');
INSERT INTO venda_farmacia VALUES(1989, '2019-11-30', 'aspirina', 5, 20, 'Instituicao45');
INSERT INTO venda_farmacia VALUES(5481, '2020-07-31', 'aspirina', 3, 12, 'Instituicao46');
INSERT INTO venda_farmacia VALUES(5585, '2020-03-27', 'aspirina', 5, 20, 'Instituicao47');
INSERT INTO venda_farmacia VALUES(4069, '2020-11-12', 'aspirina', 3, 12, 'Instituicao48');
INSERT INTO venda_farmacia VALUES(7457, '2019-05-05', 'Vidarabina', 4, 44, 'Instituicao49');
INSERT INTO venda_farmacia VALUES(2402, '2020-01-31', 'Vidarabina', 1, 11, 'Instituicao50');
INSERT INTO venda_farmacia VALUES(4295, '2019-01-10', 'Vidarabina', 5, 55, 'Instituicao51');
INSERT INTO venda_farmacia VALUES(9345, '2020-07-30', 'Vidarabina', 2, 22, 'Instituicao52');
INSERT INTO venda_farmacia VALUES(6366, '2019-01-23', 'Vidarabina', 3, 33, 'Instituicao53');
INSERT INTO venda_farmacia VALUES(4086, '2020-11-20', 'aspirina', 3, 12, 'Instituicao10');
INSERT INTO venda_farmacia VALUES(4085, '2020-11-21', 'aspirina', 3, 12, 'Instituicao10');
INSERT INTO venda_farmacia VALUES(4084, '2020-11-22', 'aspirina', 3, 12, 'Instituicao10');
INSERT INTO venda_farmacia VALUES(4071, '2020-11-23', 'aspirina', 3, 12, 'Instituicao10');
INSERT INTO venda_farmacia VALUES(4072, '2020-11-24', 'aspirina', 3, 12, 'Instituicao10');
INSERT INTO venda_farmacia VALUES(4073, '2020-11-25', 'aspirina', 3, 12, 'Instituicao10');
INSERT INTO venda_farmacia VALUES(4074, '2020-11-26', 'aspirina', 3, 12, 'Instituicao10');
INSERT INTO venda_farmacia VALUES(4075, '2020-11-27', 'aspirina', 3, 12, 'Instituicao10');
INSERT INTO venda_farmacia VALUES(4076, '2020-11-28', 'aspirina', 3, 12, 'Instituicao10');
INSERT INTO venda_farmacia VALUES(4077, '2020-11-29', 'aspirina', 3, 12, 'Instituicao10');
INSERT INTO venda_farmacia VALUES(4078, '2020-11-30', 'aspirina', 3, 12, 'Instituicao10');
INSERT INTO venda_farmacia VALUES(4079, '2020-12-01', 'aspirina', 3, 12, 'Instituicao10');
INSERT INTO venda_farmacia VALUES(4080, '2020-12-02', 'aspirina', 3, 12, 'Instituicao10');
INSERT INTO venda_farmacia VALUES(4081, '2020-12-03', 'aspirina', 3, 12, 'Instituicao10');
INSERT INTO venda_farmacia VALUES(4082, '2020-12-04', 'aspirina', 3, 12, 'Instituicao10');
INSERT INTO venda_farmacia VALUES(4083, '2020-12-05', 'aspirina', 3, 12, 'Instituicao10');
INSERT INTO venda_farmacia VALUES(1,'2020-11-19','aspirina', 1, 4, 'Instituicao1');
INSERT INTO venda_farmacia VALUES(2,'2020-11-20','aspirina', 1, 4, 'Instituicao2');
INSERT INTO venda_farmacia VALUES(3,'2020-12-02','aspirina', 1, 4, 'Instituicao3');
INSERT INTO venda_farmacia VALUES(4,'2020-12-03','aspirina', 1, 4, 'Instituicao4');
INSERT INTO venda_farmacia VALUES(5,'2020-11-23','aspirina', 1, 4, 'Instituicao5');
INSERT INTO venda_farmacia VALUES(6,'2020-11-24','aspirina', 1, 4, 'Instituicao6');
INSERT INTO venda_farmacia VALUES(7,'2020-11-25','aspirina', 1, 4, 'Instituicao7');
INSERT INTO venda_farmacia VALUES(8,'2020-11-26','aspirina', 1, 4, 'Instituicao33');

/* ------- prescricao venda ------- */

INSERT INTO prescricao_venda VALUES(789777,450928713,'2020-08-04','aspirina',8078);
INSERT INTO prescricao_venda VALUES(938670,735384871,'2019-12-02','aspirina',5251);
INSERT INTO prescricao_venda VALUES(545279,963770902,'2020-02-27','aspirina',6441);
INSERT INTO prescricao_venda VALUES(854142,854038952,'2020-03-17','aspirina',2032);
INSERT INTO prescricao_venda VALUES(934259,447901900,'2019-11-25','aspirina',6512);
INSERT INTO prescricao_venda VALUES(265395,811250996,'2020-03-26','aspirina',3088);
INSERT INTO prescricao_venda VALUES(454763,330944425,'2020-06-29','aspirina',5117);
INSERT INTO prescricao_venda VALUES(397325,780445952,'2020-01-13','aspirina',3657);
INSERT INTO prescricao_venda VALUES(691851,878576203,'2019-08-15','aspirina',2757);
INSERT INTO prescricao_venda VALUES(853647,101113226,'2020-05-28','aspirina',2566);
INSERT INTO prescricao_venda VALUES(698212,112817825,'2019-12-04','aspirina',8669);
INSERT INTO prescricao_venda VALUES(639294,594100826,'2020-03-16','aspirina',1614);
INSERT INTO prescricao_venda VALUES(166586,412356075,'2020-05-04','aspirina',8449);
INSERT INTO prescricao_venda VALUES(635097,584771070,'2019-02-11','aspirina',6477);
INSERT INTO prescricao_venda VALUES(506490,377803412,'2019-04-16','aspirina',7592);
INSERT INTO prescricao_venda VALUES(583914,904988764,'2019-06-03','aspirina',1077);
INSERT INTO prescricao_venda VALUES(302899,845060187,'2019-10-28','aspirina',7126);
INSERT INTO prescricao_venda VALUES(458541,244776027,'2019-07-31','aspirina',6213);
INSERT INTO prescricao_venda VALUES(931013,694202715,'2019-03-15','aspirina',9719);
INSERT INTO prescricao_venda VALUES(396643,502238459,'2020-05-18','aspirina',7676);
INSERT INTO prescricao_venda VALUES(414135,160533289,'2020-04-30','aspirina',1888);
INSERT INTO prescricao_venda VALUES(749506,112759432,'2019-03-29','aspirina',5430);
INSERT INTO prescricao_venda VALUES(202371,407672095,'2020-08-03','aspirina',5605);
INSERT INTO prescricao_venda VALUES(460940,356259321,'2019-03-28','aspirina',1408);
INSERT INTO prescricao_venda VALUES(389146,935006640,'2019-01-23','aspirina',5237);
INSERT INTO prescricao_venda VALUES(303886,846073195,'2019-03-05','aspirina',2389);
INSERT INTO prescricao_venda VALUES(525454,119572845,'2019-05-06','aspirina',2585);
INSERT INTO prescricao_venda VALUES(226528,241459967,'2019-10-10','aspirina',6832);
INSERT INTO prescricao_venda VALUES(579930,221829321,'2019-07-11','aspirina',3017);
INSERT INTO prescricao_venda VALUES(633254,150736084,'2019-12-04','aspirina',6093);
INSERT INTO prescricao_venda VALUES(963314,784669291,'2019-03-19','Paracetamol',8359);
INSERT INTO prescricao_venda VALUES(352840,216841773,'2019-09-25','Paracetamol',3031);
INSERT INTO prescricao_venda VALUES(290838,518366844,'2020-04-22','Paracetamol',4360);
INSERT INTO prescricao_venda VALUES(206664,549673497,'2020-09-11','Paracetamol',6825);
INSERT INTO prescricao_venda VALUES(535021,692246601,'2019-07-15','Paracetamol',3791);
INSERT INTO prescricao_venda VALUES(161518,282976848,'2020-07-16','Paracetamol',9647);
INSERT INTO prescricao_venda VALUES(469528,299709811,'2019-12-23','Ibuprofeno',6707);
INSERT INTO prescricao_venda VALUES(446453,438715507,'2019-05-15','Ibuprofeno',6207);
INSERT INTO prescricao_venda VALUES(773942,548882783,'2019-03-05','Ibuprofeno',1946);
INSERT INTO prescricao_venda VALUES(336816,688927341,'2019-05-08','Ibuprofeno',1001);
INSERT INTO prescricao_venda VALUES(639535,880424882,'2019-10-22','Ibuprofeno',6001);
INSERT INTO prescricao_venda VALUES(449187,113546287,'2020-05-11','Ibuprofeno',6813);
INSERT INTO prescricao_venda VALUES(740054,803683010,'2019-07-25','Ibuprofeno',7891);
INSERT INTO prescricao_venda VALUES(805961,485901794,'2020-11-10','Ibuprofeno',1831);
INSERT INTO prescricao_venda VALUES(471150,461284843,'2020-03-13','Ibuprofeno',6286);
INSERT INTO prescricao_venda VALUES(827404,575454802,'2019-09-23','Ibuprofeno',7548);
INSERT INTO prescricao_venda VALUES(721454,630496082,'2019-11-01','Ibuprofeno',7724);
INSERT INTO prescricao_venda VALUES(951229,325253041,'2019-05-29','Ibuprofeno',9689);
INSERT INTO prescricao_venda VALUES(615901,264865847,'2020-09-21','Ibuprofeno',7315);
INSERT INTO prescricao_venda VALUES(465843,338572279,'2019-05-27','Amineptina',2902);
INSERT INTO prescricao_venda VALUES(412701,795928873,'2019-12-18','Amineptina',7190);
INSERT INTO prescricao_venda VALUES(669987,510266155,'2020-01-28','Amineptina',3883);
INSERT INTO prescricao_venda VALUES(652226,467489216,'2019-12-16','Amineptina',1413);
INSERT INTO prescricao_venda VALUES(256417,789825252,'2019-10-30','Amineptina',7702);
INSERT INTO prescricao_venda VALUES(867088,798897714,'2019-03-27','Amineptina',7858);
INSERT INTO prescricao_venda VALUES(713345,306654380,'2020-02-20','Amineptina',2605);
INSERT INTO prescricao_venda VALUES(950875,321693285,'2019-02-06','Amineptina',8907);
INSERT INTO prescricao_venda VALUES(401872,388254216,'2019-02-26','Amineptina',5321);
INSERT INTO prescricao_venda VALUES(576493,341637455,'2019-08-23','Amineptina',2713);
INSERT INTO prescricao_venda VALUES(183036,239071856,'2020-02-07','Amineptina',4972);
INSERT INTO prescricao_venda VALUES(650080,888217683,'2020-06-09','Amineptina',6423);
INSERT INTO prescricao_venda VALUES(766592,397523155,'2019-07-02','Amineptina',4321);
INSERT INTO prescricao_venda VALUES(261100,705360442,'2020-02-05','Amineptina',4125);
INSERT INTO prescricao_venda VALUES(511517,812448569,'2020-03-20','Amineptina',7310);
INSERT INTO prescricao_venda VALUES(429033,780324678,'2019-11-18','Penicilina',1565);
INSERT INTO prescricao_venda VALUES(815290,747995216,'2019-02-18','Penicilina',5336);
INSERT INTO prescricao_venda VALUES(522462,202199631,'2019-06-04','Penicilina',7199);
INSERT INTO prescricao_venda VALUES(659713,856073521,'2019-02-28','Penicilina',1922);
INSERT INTO prescricao_venda VALUES(192689,569802633,'2019-07-05','Penicilina',6498);
INSERT INTO prescricao_venda VALUES(734841,600639866,'2020-01-31','aspirina',1361);
INSERT INTO prescricao_venda VALUES(398767,472098898,'2020-05-25','aspirina',5043);
INSERT INTO prescricao_venda VALUES(441855,691482258,'2019-08-16','aspirina',6050);
INSERT INTO prescricao_venda VALUES(820053,395780080,'2020-03-20','aspirina',1457);
INSERT INTO prescricao_venda VALUES(535897,639365510,'2019-11-26','aspirina',1286);
INSERT INTO prescricao_venda VALUES(999055,889529815,'2020-05-18','aspirina',9515);
INSERT INTO prescricao_venda VALUES(393298,563888720,'2020-08-05','aspirina',9152);
INSERT INTO prescricao_venda VALUES(807593,156760468,'2020-11-05','aspirina',1953);
INSERT INTO prescricao_venda VALUES(490113,749261785,'2020-05-18','Penicilina',9717);
INSERT INTO prescricao_venda VALUES(921186,361835297,'2019-03-29','Penicilina',8338);
INSERT INTO prescricao_venda VALUES(337476,541587794,'2020-08-28','Penicilina',1257);
INSERT INTO prescricao_venda VALUES(379624,443383386,'2020-10-13','Penicilina',8495);
INSERT INTO prescricao_venda VALUES(394756,651434580,'2019-12-25','Penicilina',2441);
INSERT INTO prescricao_venda VALUES(411912,990280201,'2019-05-13','Ibuprofeno',1582);
INSERT INTO prescricao_venda VALUES(120554,355260867,'2019-01-16','Ibuprofeno',7092);
INSERT INTO prescricao_venda VALUES(961883,410704192,'2019-04-16','Ibuprofeno',5795);
INSERT INTO prescricao_venda VALUES(609131,697404214,'2020-02-20','Ibuprofeno',2345);
INSERT INTO prescricao_venda VALUES(137660,680061335,'2019-03-04','Ibuprofeno',9035);
INSERT INTO prescricao_venda VALUES(787842,967402931,'2020-03-05','Ibuprofeno',5362);
INSERT INTO prescricao_venda VALUES(486940,715916837,'2019-02-13','Calcio',3928);
INSERT INTO prescricao_venda VALUES(825206,606332181,'2020-09-25','Calcio',9514);
INSERT INTO prescricao_venda VALUES(233975,948571462,'2019-08-09','Calcio',4070);
INSERT INTO prescricao_venda VALUES(528286,296850446,'2020-01-09','Calcio',4226);
INSERT INTO prescricao_venda VALUES(416330,120380285,'2019-03-25','Calcio',7168);
INSERT INTO prescricao_venda VALUES(129962,253488140,'2020-08-07','Calcio',8893);
INSERT INTO prescricao_venda VALUES(597063,824618074,'2020-09-01','Calcio',7181);
INSERT INTO prescricao_venda VALUES(510993,249772508,'2019-08-12','Calcio',8984);
INSERT INTO prescricao_venda VALUES(760493,255449553,'2020-07-30','Calcio',8652);
INSERT INTO prescricao_venda VALUES(798022,397141412,'2019-02-11','Calcio',9246);
INSERT INTO prescricao_venda VALUES(336407,744336089,'2019-01-15','Calcio',7850);
INSERT INTO prescricao_venda VALUES(376124,675094251,'2020-07-21','Calcio',2213);
INSERT INTO prescricao_venda VALUES(226528,502240138,'2020-05-05','Calcio',3585);
INSERT INTO prescricao_venda VALUES(579930,345724497,'2019-12-24','Amineptina',6872);
INSERT INTO prescricao_venda VALUES(633254,893431256,'2019-01-16','Amineptina',4179);
INSERT INTO prescricao_venda VALUES(963314,462413483,'2019-02-20','Amineptina',9062);
INSERT INTO prescricao_venda VALUES(352840,743475117,'2020-02-25','Amineptina',5634);
INSERT INTO prescricao_venda VALUES(290838,634680321,'2019-11-12','Amineptina',3536);
INSERT INTO prescricao_venda VALUES(206664,796174042,'2020-04-21','Amineptina',3671);
INSERT INTO prescricao_venda VALUES(535021,355033633,'2020-04-08','Amineptina',2646);
INSERT INTO prescricao_venda VALUES(161518,182630613,'2020-08-05','Amineptina',7715);
INSERT INTO prescricao_venda VALUES(469528,342462609,'2020-01-06','Amineptina',6994);
INSERT INTO prescricao_venda VALUES(446453,325961366,'2020-01-17','Amineptina',3020);
INSERT INTO prescricao_venda VALUES(773942,839868251,'2019-12-25','Amineptina',3126);
INSERT INTO prescricao_venda VALUES(336816,507004461,'2020-03-20','Amineptina',6933);
INSERT INTO prescricao_venda VALUES(639535,292546522,'2020-10-30','Amineptina',3271);
INSERT INTO prescricao_venda VALUES(449187,661827678,'2020-01-03','Amineptina',2333);
INSERT INTO prescricao_venda VALUES(740054,366306570,'2019-01-04','Amineptina',6982);
INSERT INTO prescricao_venda VALUES(805961,258728762,'2020-09-10','Paracetamol',7505);
INSERT INTO prescricao_venda VALUES(471150,285289835,'2019-09-26','Paracetamol',2093);
INSERT INTO prescricao_venda VALUES(827404,130722220,'2020-02-25','Paracetamol',4538);
INSERT INTO prescricao_venda VALUES(721454,619156164,'2019-09-02','Paracetamol',4604);
INSERT INTO prescricao_venda VALUES(951229,613711696,'2020-01-17','Paracetamol',5803);
INSERT INTO prescricao_venda VALUES(615901,269079329,'2020-10-05','Paracetamol',3000);
INSERT INTO prescricao_venda VALUES(226528,962629402,'2019-10-18','Paracetamol',3393);
INSERT INTO prescricao_venda VALUES(579930,582045471,'2019-11-08','Paracetamol',3423);
INSERT INTO prescricao_venda VALUES(633254,121820763,'2019-12-03','Paracetamol',4875);
INSERT INTO prescricao_venda VALUES(963314,172788032,'2019-01-23','Paracetamol',9550);
INSERT INTO prescricao_venda VALUES(352840,949003404,'2019-07-19','Paracetamol',8833);
INSERT INTO prescricao_venda VALUES(290838,290841480,'2020-05-14','Paracetamol',1519);
INSERT INTO prescricao_venda VALUES(206664,670073478,'2019-04-08','Paracetamol',6160);
INSERT INTO prescricao_venda VALUES(535021,856857675,'2019-03-25','Paracetamol',5319);
INSERT INTO prescricao_venda VALUES(161518,758420944,'2020-01-02','Paracetamol',8333);
INSERT INTO prescricao_venda VALUES(469528,328444376,'2019-12-02','Paracetamol',7877);
INSERT INTO prescricao_venda VALUES(446453,298635110,'2020-09-14','Vidarabina',2281);
INSERT INTO prescricao_venda VALUES(773942,922683617,'2020-10-27','Vidarabina',9108);
INSERT INTO prescricao_venda VALUES(336816,114232517,'2019-11-14','Vidarabina',8455);
INSERT INTO prescricao_venda VALUES(639535,129599793,'2020-02-06','Vidarabina',6012);
INSERT INTO prescricao_venda VALUES(449187,757330245,'2019-02-05','Vidarabina',9059);
INSERT INTO prescricao_venda VALUES(740054,961956133,'2019-06-25','Vidarabina',3687);
INSERT INTO prescricao_venda VALUES(805961,590695279,'2020-06-29','Vidarabina',7004);
INSERT INTO prescricao_venda VALUES(471150,690558807,'2020-09-04','Vidarabina',1688);
INSERT INTO prescricao_venda VALUES(827404,941217503,'2020-04-10','Paracetamol',1501);
INSERT INTO prescricao_venda VALUES(721454,342645476,'2020-07-10','Paracetamol',3219);
INSERT INTO prescricao_venda VALUES(951229,950795877,'2020-09-08','Paracetamol',8408);
INSERT INTO prescricao_venda VALUES(615901,605728785,'2020-04-20','Paracetamol',4831);
INSERT INTO prescricao_venda VALUES(510993,537504775,'2019-07-04','Paracetamol',4507);
INSERT INTO prescricao_venda VALUES(760493,148861263,'2019-04-26','Paracetamol',5436);
INSERT INTO prescricao_venda VALUES(798022,442283126,'2019-01-25','Penicilina',2132);
INSERT INTO prescricao_venda VALUES(336407,857940559,'2019-11-26','Penicilina',9253);
INSERT INTO prescricao_venda VALUES(376124,860138398,'2019-05-20','Penicilina',4638);
INSERT INTO prescricao_venda VALUES(510993,822321610,'2020-04-21','Penicilina',6951);
INSERT INTO prescricao_venda VALUES(760493,458814316,'2019-03-15','Penicilina',1989);
INSERT INTO prescricao_venda VALUES(798022,233159337,'2020-01-10','Alprazolam',5481);
INSERT INTO prescricao_venda VALUES(336407,452744833,'2019-06-04','Alprazolam',5585);
INSERT INTO prescricao_venda VALUES(376124,537214542,'2019-12-31','Alprazolam',4069);
INSERT INTO prescricao_venda VALUES(510993,508127166,'2020-08-17','Alprazolam',7457);
INSERT INTO prescricao_venda VALUES(760493,532092733,'2020-11-03','Alprazolam',2402);
INSERT INTO prescricao_venda VALUES(798022,804121186,'2019-09-20','Alprazolam',4295);
INSERT INTO prescricao_venda VALUES(336407,860183671,'2020-07-07','Alprazolam',9345);
INSERT INTO prescricao_venda VALUES(376124,195417384,'2020-08-18','Alprazolam',6366);
INSERT INTO prescricao_venda VALUES(535021,2,'2020-11-19','aspirina', 1);
INSERT INTO prescricao_venda VALUES(535021,3,'2020-11-20','aspirina', 2);
INSERT INTO prescricao_venda VALUES(535021,4,'2020-12-02','aspirina', 3);
INSERT INTO prescricao_venda VALUES(535021,5,'2020-12-03','aspirina', 4);
INSERT INTO prescricao_venda VALUES(535021,6,'2020-11-23','aspirina', 5);
INSERT INTO prescricao_venda VALUES(535021,7,'2020-11-24','aspirina', 6);
INSERT INTO prescricao_venda VALUES(535021,8,'2020-11-25','aspirina', 7);
INSERT INTO prescricao_venda VALUES(535021,9,'2020-11-26','aspirina', 8);


  